First Name,Last Name,Party,Constituency,Gender,Sitting TD,Valid Poll,Quota,Elected on count,Final vote,1st pref,% 1st pref,Count 2,% transfers 2,Count 3,% transfers 3,Count 4,% transfers 4,Count 5,% transfers 5,Count 6,% transfers 6,Count 7,% transfers 7,Count 8,% transfers 8,Count 9,% transfers 9,Count 10,% transfers 10,Count 11,% transfers 11,Count 12,% transfers 12,Count 13,% transfers 13,Count 14,% transfers 14,Count 15,% transfers 15
Bobby,AYLWARD,Fianna Fáil,Carlow-Kilkenny,Male,Yes,"73,643","12,274",,"9,985","7,550",10.30,241,4.60,129,6.00,204,7.50,284,7.70,234,5.60,177,3.70,355,5.00,458,51.00,353,62.50,,,,,,,,,,
Helena,BYRNE,Renua,Carlow-Kilkenny,Female,No,"73,643","12,274",,,992,1.30,172,3.30,"-1,164",0.00,,0.00,,0.00,,0.00,,0.00,,0.00,,0.00,,0.00,,,,,,,,,,
Pat,DEERING,Fine Gael,Carlow-Kilkenny,Male,Yes,"73,643","12,274",,,"5,929",8.10,108,2.10,100,4.60,186,6.90,97,2.60,575,13.70,148,3.10,"-7,143",0.00,,0.00,,0.00,,,,,,,,,,
Kathleen,FUNCHION,Sinn Féin,Carlow-Kilkenny,Female,Yes,"73,643","12,274",1,"17,493","17,493",23.80,,0.00,,0.00,,0.00,,0.00,,0.00,,0.00,,0.00,,0.00,,0.00,,,,,,,,,,
Alan,HAYES,Independent,Carlow-Kilkenny,Male,No,"73,643","12,274",,,"2,347",3.20,604,11.60,432,20.00,327,12.10,"-3,710",0.00,,0.00,,0.00,,0.00,,0.00,,0.00,,,,,,,,,,
Denis,HYNES,Labour Party,Carlow-Kilkenny,Male,No,"73,643","12,274",,,"2,208",3.00,402,7.70,102,4.70,"-2,712",0.00,,0.00,,0.00,,0.00,,0.00,,0.00,,0.00,,,,,,,,,,
John,McGUINNESS,Fianna Fáil,Carlow-Kilkenny,Male,Yes,"73,643","12,274",6,"12,612","10,558",14.30,463,8.90,277,12.80,324,11.90,579,15.60,411,9.80,,0.00,,0.00,,0.00,,0.00,,,,,,,,,,
Jennifer,MURNANE O'CONNOR,Fianna Fáil,Carlow-Kilkenny,Female,No,"73,643","12,274",8,"12,839","9,351",12.70,372,7.10,172,8.00,198,7.30,160,4.30,80,1.90,428,8.90,"2,078",29.10,,0.00,,0.00,,,,,,,,,,
Malcolm,NOONAN,Green Party,Carlow-Kilkenny,Male,No,"73,643","12,274",10,"10,543","4,942",6.70,562,10.80,143,6.60,560,20.60,871,23.50,235,5.60,"2,095",43.40,483,6.80,440,49.00,212,37.50,,,,,,,,,,
Melissa,O'NEILL,Irish Freedom Party,Carlow-Kilkenny,Female,No,"73,643","12,274",,,431,0.60,235,4.50,-666,0.00,,0.00,,0.00,,0.00,,0.00,,0.00,,0.00,,0.00,,,,,,,,,,
Patrick,O'NEILL,Fine Gael,Carlow-Kilkenny,Male,No,"73,643","12,274",,,"3,674",5.00,49,0.90,53,2.50,167,6.20,243,6.50,"-4,186",0.00,,0.00,,0.00,,0.00,,0.00,,,,,,,,,,
John Paul,PHELAN,Fine Gael,Carlow-Kilkenny,Male,Yes,"73,643","12,274",8,"13,172","6,396",8.70,102,2.00,49,2.30,205,7.60,223,6.00,"2,454",58.60,119,2.50,"3,624",50.70,,0.00,,0.00,,,,,,,,,,
Angela,RAY,Independent,Carlow-Kilkenny,Female,No,"73,643","12,274",,,214,0.30,117,2.20,-331,0.00,,0.00,,0.00,,0.00,,0.00,,0.00,,0.00,,0.00,,,,,,,,,,
Adrienne,WALLACE,Solidarity-People Before Profit,Carlow-Kilkenny,Female,No,"73,643","12,274",,,"1,558",2.10,"1,792",34.30,419,19.40,290,10.70,717,19.30,47,1.10,"-4,823",0.00,,0.00,,0.00,,0.00,,,,,,,,,,
Matt,CARTHY,Sinn Féin,Cavan-Monaghan,Male,No,"72,183","12,031",1,"16,310","16,310",22.60,,0.00,,0.00,,0.00,,0.00,,0.00,,0.00,,0.00,,0.00,,0.00,,0.00,,,,,,,,
Tate,DONNELLY,Green Party,Cavan-Monaghan,Male,No,"72,183","12,031",,,"2,501",3.50,209,4.90,315,22.10,36,15.30,43,5.50,349,30.40,622,42.70,112,6.50,"-4,187",0.00,,0.00,,0.00,,,,,,,,
Joseph,DUFFY,Independent,Cavan-Monaghan,Male,No,"72,183","12,031",,,159,0.20,12,0.30,64,4.50,-235,0.00,,0.00,,0.00,,0.00,,0.00,,0.00,,0.00,,0.00,,,,,,,,
Robbie,GALLAGHER,Fianna Fáil,Cavan-Monaghan,Male,No,"72,183","12,031",,,"5,062",7.00,244,5.70,161,11.30,9,3.80,127,16.30,47,4.10,42,2.90,48,2.80,513,12.30,629,10.90,"-6,882",0.00,,,,,,,,
Heather,HUMPHREYS,Fine Gael,Cavan-Monaghan,Female,Yes,"72,183","12,031",1,"12,808","12,808",17.70,,0.00,,0.00,,0.00,,0.00,,0.00,,0.00,,0.00,,0.00,,0.00,,0.00,,,,,,,,
Sandra,McINTYRE,Fine Gael,Cavan-Monaghan,Female,No,"72,183","12,031",,,"1,301",1.80,32,0.70,24,1.70,8,3.40,256,32.90,77,6.70,21,1.40,"-1,719",0.00,,0.00,,0.00,,0.00,,,,,,,,
Sarah,O'REILLY,Aontú,Cavan-Monaghan,Female,No,"72,183","12,031",,,"3,840",5.30,123,2.90,241,16.90,81,34.50,29,3.70,102,8.90,317,21.70,88,5.10,924,22.10,"-5,745",0.00,,0.00,,,,,,,,
T.P.,O'REILLY,Fine Gael,Cavan-Monaghan,Male,No,"72,183","12,031",,"8,646","5,124",7.10,30,0.70,21,1.50,4,1.70,211,27.20,79,6.90,30,2.10,"1,093",63.60,605,14.40,853,14.80,596,8.70,,,,,,,,
Brendan,SMITH,Fianna Fáil,Cavan-Monaghan,Male,Yes,"72,183","12,031",11,"11,004","7,354",10.20,80,1.90,42,2.90,6,2.60,37,4.80,103,9.00,45,3.10,173,10.10,272,6.50,834,14.50,"2,058",29.90,,,,,,,,
Emmett,SMITH,Solidarity-People Before Profit,Cavan-Monaghan,Male,No,"72,183","12,031",,,830,1.10,80,1.90,351,24.60,18,7.70,5,0.60,174,15.10,"-1,458",0.00,,0.00,,0.00,,0.00,,0.00,,,,,,,,
Niamh,SMYTH,Fianna Fáil,Cavan-Monaghan,Female,Yes,"72,183","12,031",11,"10,951","5,745",8.00,144,3.40,96,6.70,11,4.70,57,7.30,99,8.60,73,5.00,97,5.60,484,11.60,"1,370",23.80,"2,775",40.30,,,,,,,,
Pauline,TULLY,Sinn Féin,Cavan-Monaghan,Female,No,"72,183","12,031",2,"13,457","10,166",14.10,"3,291",76.90,,0.00,,0.00,,0.00,,0.00,,0.00,,0.00,,0.00,,0.00,,0.00,,,,,,,,
Liam,VAN DER SPEK,Labour Party,Cavan-Monaghan,Male,No,"72,183","12,031",,,983,1.40,34,0.80,111,7.80,9,3.80,12,1.50,"-1,149",0.00,,0.00,,0.00,,0.00,,0.00,,0.00,,,,,,,,
David,BARRETT,Independent,Clare,Male,No,"59,495","11,900",,,400,0.70,4,2.10,-404,0.00,,0.00,,0.00,,0.00,,0.00,,0.00,,0.00,,0.00,,,,,,,,,,
Pat,BREEN,Fine Gael,Clare,Male,Yes,"59,495","11,900",,,"5,406",9.10,3,1.60,45,7.20,24,3.00,16,1.20,84,5.60,409,16.90,414,9.00,"-6,401",0.00,,0.00,,,,,,,,,,
Joe,CAREY,Fine Gael,Clare,Male,Yes,"59,495","11,900",10,"11,345","5,684",9.60,4,2.10,33,5.30,24,3.00,26,2.00,43,2.90,671,27.70,184,4.00,"3,524",55.10,"1,152",15.70,,,,,,,,,,
Martin,CONWAY,Fine Gael,Clare,Male,No,"59,495","11,900",,,"2,285",3.80,2,1.10,23,3.70,12,1.50,18,1.40,84,5.60,"-2,424",0.00,,0.00,,0.00,,0.00,,,,,,,,,,
Cathal,CROWE,Fianna Fáil,Clare,Male,No,"59,495","11,900",10,"11,471","8,355",14.00,17,9.10,30,4.80,106,13.10,33,2.60,100,6.60,193,8.00,"1,281",27.80,544,8.50,812,11.10,,,,,,,,,,
Timmy,DOOLEY,Fianna Fáil,Clare,Male,Yes,"59,495","11,900",,"10,630","7,763",13.00,4,2.10,16,2.60,22,2.70,21,1.60,80,5.30,181,7.50,"1,163",25.20,693,10.80,687,9.40,,,,,,,,,,
Róisín,GARVEY,Green Party,Clare,Female,No,"59,495","11,900",,,"5,624",9.50,16,8.60,95,15.20,43,5.30,435,33.80,124,8.20,289,11.90,333,7.20,380,5.90,"-7,339",0.00,,,,,,,,,,
Michael,LEAHY,Irish Freedom Party,Clare,Male,No,"59,495","11,900",,,704,1.20,60,32.10,43,6.90,-807,0.00,,0.00,,0.00,,0.00,,0.00,,0.00,,0.00,,,,,,,,,,
Trudy Ann,LEYDEN,Independent,Clare,Female,No,"59,495","11,900",,,218,0.40,4,2.10,-222,0.00,,0.00,,0.00,,0.00,,0.00,,0.00,,0.00,,0.00,,,,,,,,,,
Rita,McINERNEY,Fianna Fáil,Clare,Female,No,"59,495","11,900",,,"4,136",7.00,10,5.30,33,5.30,54,6.70,17,1.30,190,12.60,166,6.80,"-4,606",0.00,,0.00,,0.00,,,,,,,,,,
Michael,McNAMARA,Independent,Clare,Male,No,"59,495","11,900",10,"12,205","7,332",12.30,18,9.60,115,18.40,123,15.20,114,8.90,467,31.10,366,15.10,845,18.30,733,11.50,"2,092",28.50,,,,,,,,,,
Conor,O'BRIEN,Renua,Clare,Male,No,"59,495","11,900",,,187,0.30,-187,0.00,,0.00,,0.00,,0.00,,0.00,,0.00,,0.00,,0.00,,0.00,,,,,,,,,,
Theresa,O'DONOHOE,Solidarity-People Before Profit,Clare,Female,No,"59,495","11,900",,,"1,196",2.00,11,5.90,47,7.50,32,4.00,"-1,286",0.00,,0.00,,0.00,,0.00,,0.00,,0.00,,,,,,,,,,
Joseph,WOULFE,Independent,Clare,Male,No,"59,495","11,900",,,"1,218",2.00,8,4.30,59,9.40,117,14.50,102,7.90,"-1,504",0.00,,0.00,,0.00,,0.00,,0.00,,,,,,,,,,
Violet-Anne,WYNNE,Sinn Féin,Clare,Female,No,"59,495","11,900",10,"11,903","8,987",15.10,11,5.90,65,10.40,79,9.80,457,35.50,208,13.80,82,3.40,193,4.20,209,3.30,"1,612",22.00,,,,,,,,,,
Pat,BUCKLEY,Sinn Féin,Cork East,Male,Yes,"54,544","10,909",1,"12,587","12,587",23.10,,0.00,,0.00,,0.00,,0.00,,0.00,,0.00,,0.00,,,,,,,,,,,,,,
Conor,HANNON,Aontú,Cork East,Male,No,"54,544","10,909",,,"1,337",2.50,163,9.70,22,5.40,176,14.30,"-1,698",0.00,,0.00,,0.00,,0.00,,,,,,,,,,,,,,
Thomas,KIELY,Independent,Cork East,Male,No,"54,544","10,909",,,435,0.80,144,8.60,50,12.20,-629,0.00,,0.00,,0.00,,0.00,,0.00,,,,,,,,,,,,,,
Mary,LINEHAN-FOLEY,Independent,Cork East,Female,No,"54,544","10,909",,,"3,903",7.20,385,22.90,75,18.30,322,26.20,378,22.30,821,18.50,102,2.10,"-5,986",0.00,,,,,,,,,,,,,,
James,O'CONNOR,Fianna Fáil,Cork East,Male,No,"54,544","10,909",8,"9,731","7,026",12.90,106,6.30,11,2.70,45,3.70,177,10.40,404,9.10,324,6.50,"1,638",27.40,,,,,,,,,,,,,,
Pa,O'DRISCOLL,Fine Gael,Cork East,Male,No,"54,544","10,909",,,"4,554",8.30,37,2.20,13,3.20,50,4.10,82,4.80,238,5.40,"-4,974",0.00,,0.00,,,,,,,,,,,,,,
Shane,O'GRADY,Independent,Cork East,Male,No,"54,544","10,909",,,267,0.50,67,4.00,-334,0.00,,0.00,,0.00,,0.00,,0.00,,0.00,,,,,,,,,,,,,,
Kevin,O'KEEFFE,Fianna Fáil,Cork East,Male,Yes,"54,544","10,909",,"9,078","7,414",13.60,88,5.20,35,8.50,74,6.00,305,18.00,149,3.40,721,14.50,292,4.90,,,,,,,,,,,,,,
Sean,O'LEARY,Independent,Cork East,Male,No,"54,544","10,909",,,64,0.10,12,0.70,-76,0.00,,0.00,,0.00,,0.00,,0.00,,0.00,,,,,,,,,,,,,,
Liam,QUAIDE,Green Party,Cork East,Male,No,"54,544","10,909",,,"3,749",6.90,275,16.40,51,12.40,153,12.50,214,12.60,"-4,442",0.00,,0.00,,0.00,,,,,,,,,,,,,,
Seán,SHERLOCK,Labour Party,Cork East,Male,Yes,"54,544","10,909",8,"11,237","6,610",12.10,232,13.80,84,20.50,203,16.50,160,9.40,"1,644",37.00,961,19.30,"1,343",22.40,,,,,,,,,,,,,,
Frank,SHINNICK,Irish Freedom Party,Cork East,Male,No,"54,544","10,909",,,455,0.80,105,6.30,38,9.30,-598,0.00,,0.00,,0.00,,0.00,,0.00,,,,,,,,,,,,,,
David,STANTON,Fine Gael,Cork East,Male,Yes,"54,544","10,909",8,"10,309","6,143",11.30,64,3.80,7,1.70,31,2.50,73,4.30,639,14.40,"2,619",52.70,733,12.20,,,,,,,,,,,,,,
Mick,BARRY,Solidarity-People Before Profit,Cork North-Central,Male,Yes,"51,778","10,356",14,"9,396","3,703",7.20,"1,459",42.20,23,9.80,44,15.30,228,29.20,119,13.70,18,1.50,34,2.60,353,23.50,218,13.20,616,17.50,390,9.20,220,12.60,"1,971",34.30,,
Colm,BURKE,Fine Gael,Cork North-Central,Male,No,"51,778","10,356",14,"10,649","6,646",12.80,71,2.10,14,6.00,7,2.40,10,1.30,27,3.10,711,58.20,131,9.90,70,4.70,96,5.80,418,11.90,469,11.00,447,25.60,"1,532",26.70,,
James,COUGHLAN,Workers' Party,Cork North-Central,Male,No,"51,778","10,356",,,180,0.30,121,3.50,10,4.30,16,5.60,-327,0.00,,0.00,,0.00,,0.00,,0.00,,0.00,,0.00,,0.00,,0.00,,0.00,,
Tony,FITZGERALD,Fianna Fáil,Cork North-Central,Male,No,"51,778","10,356",,,"3,338",6.40,174,5.00,14,6.00,5,1.70,45,5.80,12,1.40,22,1.80,317,23.90,34,2.30,101,6.10,194,5.50,"-4,256",0.00,,0.00,,0.00,,
Thomas,GOULD,Sinn Féin,Cork North-Central,Male,No,"51,778","10,356",1,"13,811","13,811",26.70,,0.00,,0.00,,0.00,,0.00,,0.00,,0.00,,0.00,,0.00,,0.00,,0.00,,0.00,,0.00,,0.00,,
Sinéad,HALPIN,Social Democrats,Cork North-Central,Female,No,"51,778","10,356",,,"1,121",2.20,174,5.00,14,6.00,16,5.60,71,9.10,48,5.50,21,1.70,38,2.90,"-1,503",0.00,,0.00,,0.00,,0.00,,0.00,,0.00,,
Timothy Joseph,HOGAN,Independent,Cork North-Central,Male,No,"51,778","10,356",,,257,0.50,150,4.30,20,8.50,27,9.40,-454,0.00,,0.00,,0.00,,0.00,,0.00,,0.00,,0.00,,0.00,,0.00,,0.00,,
Ger,KEOHANE,Independent,Cork North-Central,Male,No,"51,778","10,356",,,694,1.30,65,1.90,7,3.00,17,5.90,83,10.60,-866,0.00,,0.00,,0.00,,0.00,,0.00,,0.00,,0.00,,0.00,,0.00,,
John,MAHER,Labour Party,Cork North-Central,Male,No,"51,778","10,356",,,"2,561",4.90,294,8.50,9,3.80,5,1.70,70,9.00,117,13.50,72,5.90,55,4.10,245,16.30,85,5.20,"-3,513",0.00,,0.00,,0.00,,0.00,,
Oliver,MORAN,Green Party,Cork North-Central,Male,No,"51,778","10,356",,,"3,205",6.20,176,5.10,22,9.40,7,2.40,42,5.40,77,8.90,88,7.20,71,5.30,493,32.80,123,7.50,902,25.70,210,4.90,322,18.50,"-5,738",0.00,,
Sandra,MURPHY,Fianna Fáil,Cork North-Central,Female,No,"51,778","10,356",,,"1,218",2.40,38,1.10,8,3.40,3,1.00,11,1.40,5,0.60,46,3.80,"-1,329",0.00,,0.00,,0.00,,0.00,,0.00,,0.00,,0.00,,
Diarmaid,Ó CADHLA,Independent,Cork North-Central,Male,No,"51,778","10,356",,,230,0.40,40,1.20,18,7.70,-288,0.00,,0.00,,0.00,,0.00,,0.00,,0.00,,0.00,,0.00,,0.00,,0.00,,0.00,,
Stephen,O'DONOVAN,Independent,Cork North-Central,Male,No,"51,778","10,356",,,44,0.10,39,1.10,-83,0.00,,0.00,,0.00,,0.00,,0.00,,0.00,,0.00,,0.00,,0.00,,0.00,,0.00,,0.00,,
Kenneth,O'FLYNN,Independent,Cork North-Central,Male,No,"51,778","10,356",,"7,280","3,994",7.70,428,12.40,16,6.80,40,13.90,68,8.70,126,14.50,28,2.30,54,4.10,76,5.10,571,34.70,527,15.00,466,10.90,377,21.60,509,8.90,,
Sean,O'LEARY,Independent,Cork North-Central,Male,No,"51,778","10,356",,,137,0.30,15,0.40,-152,0.00,,0.00,,0.00,,0.00,,0.00,,0.00,,0.00,,0.00,,0.00,,0.00,,0.00,,0.00,,
Lorraine,O'NEILL,Fine Gael,Cork North-Central,Female,No,"51,778","10,356",,,"1,156",2.20,17,0.50,5,2.10,3,1.00,4,0.50,36,4.20,"-1,221",0.00,,0.00,,0.00,,0.00,,0.00,,0.00,,0.00,,0.00,,
Pádraig,O'SULLIVAN,Fianna Fáil,Cork North-Central,Male,Yes,"51,778","10,356",12,"12,099","8,158",15.80,89,2.60,12,5.10,10,3.50,7,0.90,185,21.40,163,13.30,555,41.80,63,4.20,175,10.60,404,11.50,"2,278",53.50,,0.00,,0.00,,
Finian,TOOMEY,Aontú,Cork North-Central,Male,No,"51,778","10,356",,,"1,325",2.60,105,3.00,19,8.10,58,20.10,33,4.20,31,3.60,13,1.10,18,1.40,45,3.00,"-1,647",0.00,,0.00,,0.00,,0.00,,0.00,,
Michael,CREED,Fine Gael,Cork North-West,Male,Yes,"46,370","11,593",5,"13,060","8,338",18.00,38,2.60,396,10.70,327,6.50,"3,961",50.70,,,,,,,,,,,,,,,,,,,,
Colette,FINN,Green Party,Cork North-West,Female,No,"46,370","11,593",,,"3,495",7.50,199,13.50,"-3,694",0.00,,0.00,,0.00,,,,,,,,,,,,,,,,,,,,
Becky,KEALY,Aontú,Cork North-West,Female,No,"46,370","11,593",,,"3,877",8.40,477,32.40,712,19.30,"-5,066",0.00,,0.00,,,,,,,,,,,,,,,,,,,,
Ciarán,McCARTHY,Social Democrats,Cork North-West,Male,No,"46,370","11,593",,"8,588","3,845",8.30,396,26.90,"1,677",45.40,"2,161",42.70,509,6.50,,,,,,,,,,,,,,,,,,,,
Aindrias,MOYNIHAN,Fianna Fáil,Cork North-West,Male,Yes,"46,370","11,593",5,"11,173","9,628",20.80,72,4.90,319,8.60,660,13.00,494,6.30,,,,,,,,,,,,,,,,,,,,
Michael,MOYNIHAN,Fianna Fáil,Cork North-West,Male,Yes,"46,370","11,593",5,"11,240","8,651",18.70,47,3.20,119,3.20,452,8.90,"1,971",25.20,,,,,,,,,,,,,,,,,,,,
Tara,Nic DOMHNAILL,Irish Freedom Party,Cork North-West,Female,No,"46,370","11,593",,,956,2.10,-956,0.00,,0.00,,0.00,,0.00,,,,,,,,,,,,,,,,,,,,
Sean,O'LEARY,Independent,Cork North-West,Male,No,"46,370","11,593",,,515,1.10,-515,0.00,,0.00,,0.00,,0.00,,,,,,,,,,,,,,,,,,,,
John Paul,O'SHEA,Fine Gael,Cork North-West,Male,No,"46,370","11,593",,,"7,065",15.20,55,3.70,232,6.30,464,9.20,"-7,816",0.00,,,,,,,,,,,,,,,,,,,,
Lorna,BOGUE,Green Party,Cork South-Central,Female,No,"57,140","11,429",,"9,179","5,379",9.40,408,15.50,46,6.70,98,10.90,517,35.90,736,43.10,353,19.40,"1,642",29.90,,,,,,,,,,,,,,
Jerry,BUTTIMER,Fine Gael,Cork South-Central,Male,No,"57,140","11,429",,,"2,828",4.90,41,1.60,13,1.90,15,1.70,29,2.00,140,8.20,46,2.50,"-3,112",0.00,,,,,,,,,,,,,,
Simon,COVENEY,Fine Gael,Cork South-Central,Male,Yes,"57,140","11,429",8,"12,170","9,327",16.30,81,3.10,31,4.50,26,2.90,60,4.20,195,11.40,127,7.00,"2,323",42.30,,,,,,,,,,,,,,
Anna,DALY,Aontú,Cork South-Central,Female,No,"57,140","11,429",,,"1,350",2.40,145,5.50,70,10.20,99,11.00,72,5.00,85,5.00,"-1,821",0.00,,0.00,,,,,,,,,,,,,,
Paudie,DINEEN,Independent,Cork South-Central,Male,No,"57,140","11,429",,,429,0.80,268,10.20,201,29.40,-898,0.00,,0.00,,0.00,,0.00,,0.00,,,,,,,,,,,,,,
John,DONOHOE,Independent,Cork South-Central,Male,No,"57,140","11,429",,,103,0.20,42,1.60,-145,0.00,,0.00,,0.00,,0.00,,0.00,,0.00,,,,,,,,,,,,,,
Ciara,KENNEDY,Labour Party,Cork South-Central,Female,No,"57,140","11,429",,,"1,263",2.20,141,5.40,20,2.90,66,7.30,217,15.10,"-1,707",0.00,,0.00,,0.00,,,,,,,,,,,,,,
Micheál,MARTIN,Fianna Fáil,Cork South-Central,Male,Yes,"57,140","11,429",6,"11,505","11,023",19.30,174,6.60,37,5.40,63,7.00,63,4.40,145,8.50,,0.00,,0.00,,,,,,,,,,,,,,
Michael,McGRATH,Fianna Fáil,Cork South-Central,Male,Yes,"57,140","11,429",8,"10,809","9,236",16.20,263,10.00,28,4.10,49,5.50,60,4.20,139,8.10,575,31.60,459,8.40,,,,,,,,,,,,,,
Bobby,MURRAY WALSH,Solidarity-People Before Profit,Cork South-Central,Male,No,"57,140","11,429",,,764,1.30,596,22.70,106,15.50,185,20.60,326,22.70,143,8.40,257,14.10,"-2,377",0.00,,,,,,,,,,,,,,
William,O'BRIEN,Independent,Cork South-Central,Male,No,"57,140","11,429",,,202,0.40,179,6.80,-381,0.00,,0.00,,0.00,,0.00,,0.00,,0.00,,,,,,,,,,,,,,
Patricia,O'DWYER,Social Democrats,Cork South-Central,Female,No,"57,140","11,429",,,"1,077",1.90,234,8.90,56,8.20,72,8.00,"-1,439",0.00,,0.00,,0.00,,0.00,,,,,,,,,,,,,,
Donnchadh,Ó LAOGHAIRE,Sinn Féin,Cork South-Central,Male,Yes,"57,140","11,429",1,"14,057","14,057",24.60,,0.00,,0.00,,0.00,,0.00,,0.00,,0.00,,0.00,,,,,,,,,,,,,,
Sean,O'LEARY,Independent,Cork South-Central,Male,No,"57,140","11,429",,,102,0.20,56,2.10,-158,0.00,,0.00,,0.00,,0.00,,0.00,,0.00,,,,,,,,,,,,,,
Holly,CAIRNS,Social Democrats,Cork South-West,Female,No,"44,338","11,085",8,"10,078","4,696",10.60,112,17.90,200,20.00,986,55.90,286,14.10,313,11.40,462,9.50,"3,023",51.80,,,,,,,,,,,,,,
Karen,COAKLEY,Fine Gael,Cork South-West,Female,No,"44,338","11,085",,,"2,526",5.70,51,8.10,18,1.80,103,5.80,49,2.40,"-2,747",0.00,,0.00,,0.00,,,,,,,,,,,,,,
Alan,COLEMAN,Independent,Cork South-West,Male,No,"44,338","11,085",,,"1,801",4.10,42,6.70,107,10.70,75,4.20,"-2,025",0.00,,0.00,,0.00,,0.00,,,,,,,,,,,,,,
Michael,COLLINS,Independent,Cork South-West,Male,Yes,"44,338","11,085",1,"11,712","11,712",26.40,,0.00,,0.00,,0.00,,0.00,,0.00,,0.00,,0.00,,,,,,,,,,,,,,
Bernadette,CONNOLLY,Green Party,Cork South-West,Female,No,"44,338","11,085",,,"1,647",3.70,16,2.60,102,10.20,"-1,765",0.00,,0.00,,0.00,,0.00,,0.00,,,,,,,,,,,,,,
Paul,HAYES,Sinn Féin,Cork South-West,Male,No,"44,338","11,085",,,"4,777",10.80,104,16.60,194,19.40,154,8.70,233,11.50,80,2.90,290,6.00,"-5,832",0.00,,,,,,,,,,,,,,
Tim,LOMBARD,Fine Gael,Cork South-West,Male,No,"44,338","11,085",,"9,526","5,865",13.20,52,8.30,65,6.50,188,10.70,499,24.60,"1,888",68.70,576,11.80,393,6.70,,,,,,,,,,,,,,
Margaret,MURPHY O'MAHONY,Fianna Fáil,Cork South-West,Female,Yes,"44,338","11,085",,,"4,077",9.20,86,13.70,111,11.10,78,4.40,409,20.20,102,3.70,"-4,863",0.00,,0.00,,,,,,,,,,,,,,
Kevin,O'CONNOR,Solidarity-People Before Profit,Cork South-West,Male,No,"44,338","11,085",,,427,1.00,8,1.30,-435,0.00,,0.00,,0.00,,0.00,,0.00,,0.00,,,,,,,,,,,,,,
Sean,O'LEARY,Independent,Cork South-West,Male,No,"44,338","11,085",,,33,0.10,2,0.30,-35,0.00,,0.00,,0.00,,0.00,,0.00,,0.00,,,,,,,,,,,,,,
Christopher,O'SULLIVAN,Fianna Fáil,Cork South-West,Male,No,"44,338","11,085",8,"11,262","6,262",14.10,138,22.00,103,10.30,99,5.60,358,17.70,268,9.80,"3,045",62.60,989,17.00,,,,,,,,,,,,,,
Mairéad,RUANE,Aontú,Cork South-West,Female,No,"44,338","11,085",,,515,1.20,16,2.60,-531,0.00,,0.00,,0.00,,0.00,,0.00,,0.00,,,,,,,,,,,,,,
Peter,CASEY,Independent,Donegal,Male,No,"77,452","12,909",,,"1,143",1.50,661,8.10,146,14.90,182,19.30,"-2,132",0.00,,0.00,,0.00,,0.00,,0.00,,,,,,,,,,,,
Pearse,DOHERTY,Sinn Féin,Donegal,Male,Yes,"77,452","12,909",1,"21,044","21,044",27.20,,0.00,,0.00,,0.00,,0.00,,0.00,,0.00,,0.00,,0.00,,,,,,,,,,,,
Pat The Cope,GALLAGHER,Fianna Fáil,Donegal,Male,Yes,"77,452","12,909",,"11,074","7,469",9.60,"1,192",14.70,27,2.70,41,4.40,176,8.30,130,5.60,483,13.40,628,16.10,928,13.10,,,,,,,,,,,,
Martin,HARLEY,Fine Gael,Donegal,Male,No,"77,452","12,909",,,"3,056",3.90,435,5.30,11,1.10,24,2.60,124,5.80,121,5.20,125,3.50,"-3,896",0.00,,0.00,,,,,,,,,,,,
Pádraig,MacLOCHLAINN,Sinn Féin,Donegal,Male,No,"77,452","12,909",1,"13,891","13,891",17.90,,0.00,,0.00,,0.00,,0.00,,0.00,,0.00,,0.00,,0.00,,,,,,,,,,,,
Charlie,McCONALOGUE,Fianna Fáil,Donegal,Male,Yes,"77,452","12,909",9,"11,432","8,347",10.80,524,6.40,151,15.40,56,6.00,347,16.30,208,8.90,421,11.70,216,5.50,"1,162",16.40,,,,,,,,,,,,
Niall,McCONNELL,Independent,Donegal,Male,No,"77,452","12,909",,,580,0.70,223,2.70,29,3.00,-832,0.00,,0.00,,0.00,,0.00,,0.00,,0.00,,,,,,,,,,,,
Arthur,McGUINNESS,Independent,Donegal,Male,No,"77,452","12,909",,,56,0.10,43,0.50,10,1.00,-109,0.00,,0.00,,0.00,,0.00,,0.00,,0.00,,,,,,,,,,,,
Joe,McHUGH,Fine Gael,Donegal,Male,Yes,"77,452","12,909",9,"12,104","7,621",9.80,472,5.80,36,3.70,41,4.40,139,6.50,431,18.40,248,6.90,"1,932",49.60,"1,184",16.70,,,,,,,,,,,,
John,O'DONNELL,Independent,Donegal,Male,No,"77,452","12,909",,,"4,735",6.10,885,10.90,160,16.30,111,11.80,277,13.00,126,5.40,662,18.40,150,3.90,"-7,106",0.00,,,,,,,,,,,,
Thomas,PRINGLE,Independent,Donegal,Male,Yes,"77,452","12,909",9,"12,245","5,472",7.10,"2,798",34.40,251,25.60,100,10.60,326,15.30,690,29.50,604,16.80,514,13.20,"1,490",21.00,,,,,,,,,,,,
Mary T.,SWEENEY,Aontú,Donegal,Female,No,"77,452","12,909",,,"2,382",3.10,445,5.50,80,8.10,221,23.50,221,10.40,251,10.70,"-3,600",0.00,,0.00,,0.00,,,,,,,,,,,,
Michael,WHITE,Green Party,Donegal,Male,No,"77,452","12,909",,,"1,656",2.10,457,5.60,81,8.20,26,2.80,119,5.60,"-2,339",0.00,,0.00,,0.00,,0.00,,,,,,,,,,,,
Richard,BRUTON,Fine Gael,Dublin Bay North,Male,Yes,"71,606","11,935",10,"13,367","11,156",15.60,159,1.70,19,5.30,54,11.10,31,5.30,23,3.00,43,3.70,37,2.10,20,0.90,"1,825",75.70,,0.00,,0.00,,0.00,,0.00,,
Michael,BURKE,Independent,Dublin Bay North,Male,No,"71,606","11,935",,,370,0.50,232,2.50,21,5.80,34,7.00,122,20.70,-779,0.00,,0.00,,0.00,,0.00,,0.00,,0.00,,0.00,,0.00,,0.00,,
Conor,CREAVEN,Independent,Dublin Bay North,Male,No,"71,606","11,935",,,418,0.60,63,0.70,6,1.70,-487,0.00,,0.00,,0.00,,0.00,,0.00,,0.00,,0.00,,0.00,,0.00,,0.00,,0.00,,
Brian,GARRIGAN,Independent,Dublin Bay North,Male,No,"71,606","11,935",,,372,0.50,157,1.70,22,6.10,37,7.60,-588,0.00,,0.00,,0.00,,0.00,,0.00,,0.00,,0.00,,0.00,,0.00,,0.00,,
Ben,GILROY,Irish Freedom Party,Dublin Bay North,Male,No,"71,606","11,935",,,771,1.10,503,5.30,9,2.50,10,2.10,58,9.90,181,23.20,227,19.30,"-1,759",0.00,,0.00,,0.00,,0.00,,0.00,,0.00,,0.00,,
Seán,HAUGHEY,Fianna Fáil,Dublin Bay North,Male,Yes,"71,606","11,935",14,"10,955","6,651",9.30,361,3.80,14,3.90,42,8.60,43,7.30,48,6.20,208,17.70,139,7.90,55,2.50,46,1.90,189,13.20,"2,779",61.50,122,2.60,258,4.00,,
David,HEALY,Green Party,Dublin Bay North,Male,No,"71,606","11,935",,"8,527","5,042",7.00,673,7.20,13,3.60,50,10.30,44,7.50,51,6.50,132,11.20,144,8.20,78,3.60,78,3.20,340,23.70,363,8.00,589,12.40,930,14.50,,
Deirdre,HENEY,Fianna Fáil,Dublin Bay North,Female,No,"71,606","11,935",,,"3,643",5.10,161,1.70,18,5.00,22,4.50,13,2.20,21,2.70,173,14.70,124,7.00,18,0.80,110,4.60,218,15.20,"-4,521",0.00,,0.00,,0.00,,
John,LYONS,Independent,Dublin Bay North,Male,No,"71,606","11,935",,,"1,882",2.60,"1,823",19.40,87,24.10,32,6.60,69,11.70,181,23.20,51,4.30,476,27.10,374,17.30,11,0.50,18,1.30,92,2.00,"1,325",27.80,"-6,421",0.00,,
Linda,McEVOY,Independent,Dublin Bay North,Female,No,"71,606","11,935",,,202,0.30,124,1.30,-326,0.00,,0.00,,0.00,,0.00,,0.00,,0.00,,0.00,,0.00,,0.00,,0.00,,0.00,,0.00,,
Denise,MITCHELL,Sinn Féin,Dublin Bay North,Female,Yes,"71,606","11,935",1,"21,344","21,344",29.80,,0.00,,0.00,,0.00,,0.00,,0.00,,0.00,,0.00,,0.00,,0.00,,0.00,,0.00,,0.00,,0.00,,
Bernard,MULVANY,Solidarity-People Before Profit,Dublin Bay North,Male,No,"71,606","11,935",,,"1,409",2.00,"1,960",20.80,29,8.00,18,3.70,28,4.80,44,5.60,40,3.40,180,10.20,929,42.90,34,1.40,9,0.60,79,1.70,"-4,759",0.00,,0.00,,
Catherine,NOONE,Fine Gael,Dublin Bay North,Female,No,"71,606","11,935",,,"2,279",3.20,62,0.70,13,3.60,12,2.50,10,1.70,5,0.60,8,0.70,16,0.90,7,0.30,"-2,412",0.00,,0.00,,0.00,,0.00,,0.00,,
Michael,O'BRIEN,Solidarity-People Before Profit,Dublin Bay North,Male,No,"71,606","11,935",,,722,1.00,"1,193",12.70,20,5.50,10,2.10,23,3.90,27,3.50,42,3.60,126,7.20,"-2,163",0.00,,0.00,,0.00,,0.00,,0.00,,0.00,,
Cian,O'CALLAGHAN,Social Democrats,Dublin Bay North,Male,No,"71,606","11,935",14,"12,438","6,229",8.70,"1,191",12.70,23,6.40,98,20.10,40,6.80,30,3.90,88,7.50,106,6.00,379,17.50,97,4.00,182,12.70,269,6.00,"1,425",29.90,"2,281",35.50,,
Proinsias,Ó CONARÁIN,Aontú,Dublin Bay North,Male,No,"71,606","11,935",,,973,1.40,119,1.30,14,3.90,4,0.80,22,3.70,42,5.40,"-1,174",0.00,,0.00,,0.00,,0.00,,0.00,,0.00,,0.00,,0.00,,
Sean,O'LEARY,Independent,Dublin Bay North,Male,No,"71,606","11,935",,,16,0.00,19,0.20,-35,0.00,,0.00,,0.00,,0.00,,0.00,,0.00,,0.00,,0.00,,0.00,,0.00,,0.00,,0.00,,
Aodhán,Ó RÍORDÁIN,Labour Party,Dublin Bay North,Male,No,"71,606","11,935",14,"11,283","8,127",11.30,609,6.50,29,8.00,30,6.20,38,6.50,29,3.70,65,5.50,62,3.50,102,4.70,160,6.60,476,33.20,585,12.90,423,8.90,548,8.50,,
Chris,ANDREWS,Sinn Féin,Dublin Bay South,Male,No,"39,591","7,919",8,"8,797","6,361",16.10,51,5.30,9,5.10,92,16.10,145,19.30,57,6.70,"1,122",32.10,960,19.30,,,,,,,,,,,,,,
Norma,BURKE,Independent,Dublin Bay South,Female,No,"39,591","7,919",,,110,0.30,6,0.60,-116,0.00,,0.00,,0.00,,0.00,,0.00,,0.00,,,,,,,,,,,,,,
Peter,DOOLEY,Independent,Dublin Bay South,Male,No,"39,591","7,919",,,281,0.70,7,0.70,29,16.30,-317,0.00,,0.00,,0.00,,0.00,,0.00,,,,,,,,,,,,,,
Sarah,DURCAN,Social Democrats,Dublin Bay South,Female,No,"39,591","7,919",,,"1,801",4.50,187,19.30,33,18.50,60,10.50,77,10.20,52,6.10,"-2,210",0.00,,0.00,,,,,,,,,,,,,,
Mannix,FLYNN,Independent,Dublin Bay South,Male,No,"39,591","7,919",,,645,1.60,30,3.10,15,8.40,63,11.00,-753,0.00,,0.00,,0.00,,0.00,,,,,,,,,,,,,,
Jacqui,GILBOURNE,Renua,Dublin Bay South,Female,No,"39,591","7,919",,,634,1.60,9,0.90,13,7.30,146,25.50,45,6.00,-847,0.00,,0.00,,0.00,,,,,,,,,,,,,,
Kevin,HUMPHREYS,Labour Party,Dublin Bay South,Male,No,"39,591","7,919",,,"3,121",7.90,234,24.10,20,11.20,31,5.40,110,14.60,73,8.60,"1,382",39.60,"-4,971",0.00,,,,,,,,,,,,,,
John Dominic,KEIGHER,Independent,Dublin Bay South,Male,No,"39,591","7,919",,,48,0.10,2,0.20,-50,0.00,,0.00,,0.00,,0.00,,0.00,,0.00,,,,,,,,,,,,,,
Annette,MOONEY,Solidarity-People Before Profit,Dublin Bay South,Female,No,"39,591","7,919",,,"1,002",2.50,47,4.90,13,7.30,83,14.50,98,13.00,39,4.60,"-1,282",0.00,,0.00,,,,,,,,,,,,,,
Eoghan,MURPHY,Fine Gael,Dublin Bay South,Male,Yes,"39,591","7,919",8,"7,602","6,346",16.00,118,12.20,9,5.10,16,2.80,55,7.30,94,11.10,129,3.70,835,16.80,,,,,,,,,,,,,,
Jim,O'CALLAGHAN,Fianna Fáil,Dublin Bay South,Male,Yes,"39,591","7,919",8,"7,158","5,474",13.80,113,11.70,10,5.60,25,4.40,96,12.70,259,30.60,203,5.80,978,19.70,,,,,,,,,,,,,,
Kate,O'CONNELL,Fine Gael,Dublin Bay South,Female,Yes,"39,591","7,919",,"6,270","4,624",11.70,161,16.60,10,5.60,15,2.60,59,7.80,22,2.60,236,6.80,"1,143",23.00,,,,,,,,,,,,,,
Sean,O'LEARY,Independent,Dublin Bay South,Male,No,"39,591","7,919",,,11,0.00,1,0.10,-12,0.00,,0.00,,0.00,,0.00,,0.00,,0.00,,,,,,,,,,,,,,
Eamon,RYAN,Green Party,Dublin Bay South,Male,Yes,"39,591","7,919",1,"8,888","8,888",22.40,,0.00,,0.00,,0.00,,0.00,,0.00,,0.00,,0.00,,,,,,,,,,,,,,
Ben,SCALLAN,Irish Freedom Party,Dublin Bay South,Male,No,"39,591","7,919",,,245,0.60,3,0.30,7,3.90,-255,0.00,,0.00,,0.00,,0.00,,0.00,,,,,,,,,,,,,,
Gillian,BRIEN,Solidarity-People Before Profit,Dublin Central,Female,No,"31,435","6,288",,,776,2.50,814,16.50,34,9.10,201,48.10,11,1.90,292,20.90,105,5.00,"-2,233",0.00,,0.00,,,,,,,,,,,,
Christy,BURKE,Independent,Dublin Central,Male,No,"31,435","6,288",,"5,168","1,509",4.80,"1,835",37.20,66,17.70,31,7.40,8,1.40,160,11.40,301,14.30,637,28.50,621,15.50,,,,,,,,,,,,
Patrick,CLOHESSY,Independent,Dublin Central,Male,No,"31,435","6,288",,,33,0.10,14,0.30,-47,0.00,,0.00,,0.00,,0.00,,0.00,,0.00,,0.00,,,,,,,,,,,,
Joe,COSTELLO,Labour Party,Dublin Central,Male,No,"31,435","6,288",,,"1,702",5.40,275,5.60,12,3.20,7,1.70,33,5.60,79,5.60,"-2,108",0.00,,0.00,,0.00,,,,,,,,,,,,
Paschal,DONOHOE,Fine Gael,Dublin Central,Male,Yes,"31,435","6,288",9,"6,126","4,181",13.30,101,2.00,8,2.20,2,0.50,395,66.80,51,3.60,372,17.60,37,1.70,979,24.40,,,,,,,,,,,,
Deirdre,DUFFY,Fine Gael,Dublin Central,Female,No,"31,435","6,288",,,570,1.80,14,0.30,5,1.30,2,0.50,-591,0.00,,0.00,,0.00,,0.00,,0.00,,,,,,,,,,,,
Mary,FITZPATRICK,Fianna Fáil,Dublin Central,Female,No,"31,435","6,288",,,"3,228",10.30,275,5.60,27,7.30,5,1.20,35,5.90,153,10.90,244,11.60,43,1.90,"-4,010",0.00,,,,,,,,,,,,
Gary,GANNON,Social Democrats,Dublin Central,Male,No,"31,435","6,288",9,"5,718","2,912",9.30,693,14.00,33,8.90,58,13.90,28,4.70,188,13.40,445,21.10,671,30.00,690,17.20,,,,,,,,,,,,
Rita,HARROLD,Solidarity-People Before Profit,Dublin Central,Female,No,"31,435","6,288",,,201,0.60,202,4.10,15,4.00,-418,0.00,,0.00,,0.00,,0.00,,0.00,,0.00,,,,,,,,,,,,
Neasa,HOURIGAN,Green Party,Dublin Central,Female,No,"31,435","6,288",9,"6,551","3,851",12.30,403,8.20,17,4.60,41,9.80,59,10.00,235,16.80,512,24.30,518,23.20,915,22.80,,,,,,,,,,,,
Mary Lou,McDONALD,Sinn Féin,Dublin Central,Female,Yes,"31,435","6,288",1,"11,223","11,223",35.70,,0.00,,0.00,,0.00,,0.00,,0.00,,0.00,,0.00,,0.00,,,,,,,,,,,,
Sarah Louise,MULLIGAN,Independent,Dublin Central,Female,No,"31,435","6,288",,,124,0.40,29,0.60,-153,0.00,,0.00,,0.00,,0.00,,0.00,,0.00,,0.00,,,,,,,,,,,,
Sean,O'LEARY,Independent,Dublin Central,Male,No,"31,435","6,288",,,12,0.00,7,0.10,-19,0.00,,0.00,,0.00,,0.00,,0.00,,0.00,,0.00,,,,,,,,,,,,
Éilis,RYAN,Workers' Party,Dublin Central,Female,No,"31,435","6,288",,,429,1.40,164,3.30,24,6.50,39,9.30,6,1.00,-662,0.00,,0.00,,0.00,,0.00,,,,,,,,,,,,
Ian Noel,SMYTH,Aontú,Dublin Central,Male,No,"31,435","6,288",,,583,1.90,57,1.20,90,24.20,7,1.70,,0.00,-737,0.00,,0.00,,0.00,,0.00,,,,,,,,,,,,
Dolores,WEBSTER,Independent,Dublin Central,Female,No,"31,435","6,288",,,101,0.30,52,1.10,-153,0.00,,0.00,,0.00,,0.00,,0.00,,0.00,,0.00,,,,,,,,,,,,
Glenn,BRADY,Independent,Dublin Fingal,Male,No,"63,440","10,574",,,536,0.80,132,2.50,35,7.40,-703,0.00,,0.00,,0.00,,0.00,,0.00,,0.00,,0.00,,0.00,,0.00,,,,,,
Lorraine,CLIFFORD-LEE,Fianna Fáil,Dublin Fingal,Female,No,"63,440","10,574",,,"3,523",5.60,145,2.80,13,2.70,51,7.30,16,1.80,93,5.80,27,1.40,152,4.70,255,7.30,"-4,275",0.00,,0.00,,0.00,,,,,,
Alan,FARRELL,Fine Gael,Dublin Fingal,Male,Yes,"63,440","10,574",11,"10,577","6,213",9.80,65,1.20,5,1.10,29,4.10,17,1.90,56,3.50,21,1.10,86,2.70,"2,240",63.90,"1,022",23.90,823,14.10,,0.00,,,,,,
Terry,KELLEHER,Solidarity-People Before Profit,Dublin Fingal,Male,No,"63,440","10,574",,,674,1.10,717,13.70,33,7.00,89,12.70,287,32.10,83,5.10,"-1,883",0.00,,0.00,,0.00,,0.00,,0.00,,0.00,,,,,,
Dean,MULLIGAN,Independents 4 Change,Dublin Fingal,Male,No,"63,440","10,574",,"8,152","2,529",4.00,"1,171",22.40,62,13.10,120,17.10,103,11.50,217,13.40,777,41.30,883,27.40,110,3.10,475,11.10,"1,641",28.10,64,43.80,,,,,,
Paul,MULVILLE,Social Democrats,Dublin Fingal,Male,No,"63,440","10,574",,,"2,206",3.50,422,8.10,28,5.90,73,10.40,75,8.40,75,4.60,347,18.40,"-3,226",0.00,,0.00,,0.00,,0.00,,0.00,,,,,,
Tony,MURPHY,Independent,Dublin Fingal,Male,No,"63,440","10,574",,,"3,622",5.70,513,9.80,48,10.10,79,11.20,85,9.50,421,26.10,152,8.10,213,6.60,213,6.10,492,11.50,"-5,838",0.00,,0.00,,,,,,
Darragh,O'BRIEN,Fianna Fáil,Dublin Fingal,Male,Yes,"63,440","10,574",8,"10,652","10,111",15.90,195,3.70,17,3.60,31,4.40,11,1.20,138,8.60,27,1.40,122,3.80,,0.00,,0.00,,0.00,,0.00,,,,,,
Joe,O'BRIEN,Green Party,Dublin Fingal,Male,Yes,"63,440","10,574",8,"10,720","8,400",13.20,667,12.80,37,7.80,77,11.00,108,12.10,139,8.60,252,13.40,"1,040",32.20,,0.00,,0.00,,0.00,,0.00,,,,,,
Gemma,O'DOHERTY,Independent,Dublin Fingal,Female,No,"63,440","10,574",,,"1,252",2.00,210,4.00,76,16.10,35,5.00,41,4.60,"-1,614",0.00,,0.00,,0.00,,0.00,,0.00,,0.00,,0.00,,,,,,
Louise,O'REILLY,Sinn Féin,Dublin Fingal,Female,Yes,"63,440","10,574",1,"15,792","15,792",24.90,,0.00,,0.00,,0.00,,0.00,,0.00,,0.00,,0.00,,0.00,,0.00,,0.00,,0.00,,,,,,
James,REILLY,Fine Gael,Dublin Fingal,Male,No,"63,440","10,574",,,"3,280",5.20,67,1.30,19,4.00,11,1.60,26,2.90,30,1.90,17,0.90,53,1.60,"-3,503",0.00,,0.00,,0.00,,0.00,,,,,,
Alistair,SMITH,United People,Dublin Fingal,Male,No,"63,440","10,574",,,43,0.10,54,1.00,-97,0.00,,0.00,,0.00,,0.00,,0.00,,0.00,,0.00,,0.00,,0.00,,0.00,,,,,,
Duncan,SMITH,Labour Party,Dublin Fingal,Male,No,"63,440","10,574",12,"8,340","4,513",7.10,385,7.40,38,8.00,52,7.40,64,7.20,86,5.30,84,4.50,469,14.50,435,12.40,"1,009",23.60,"1,123",19.20,82,56.20,,,,,,
Sandra,SWEETMAN,Independent,Dublin Fingal,Female,No,"63,440","10,574",,,259,0.40,117,2.20,-376,0.00,,0.00,,0.00,,0.00,,0.00,,0.00,,0.00,,0.00,,0.00,,0.00,,,,,,
Oghenetano John,UWHUMIAKPOR,Solidarity-People Before Profit,Dublin Fingal,Male,No,"63,440","10,574",,,487,0.80,358,6.90,30,6.30,20,2.80,-895,0.00,,0.00,,0.00,,0.00,,0.00,,0.00,,0.00,,0.00,,,,,,
Vicki,CASSERLY,Fine Gael,Dublin Mid-West,Female,No,"45,452","9,091",,,"3,501",7.70,17,0.60,11,1.50,53,4.50,34,2.60,219,12.50,373,10.20,"-4,208",0.00,,0.00,,,,,,,,,,,,
John,CURRAN,Fianna Fáil,Dublin Mid-West,Male,Yes,"45,452","9,091",,"7,383","4,931",10.80,49,1.80,17,2.40,452,38.30,106,8.20,149,8.50,345,9.40,405,9.60,929,17.20,,,,,,,,,,,,
David,GARDINER,Workers' Party,Dublin Mid-West,Male,No,"45,452","9,091",,,452,1.00,14,0.50,37,5.20,-503,0.00,,0.00,,0.00,,0.00,,0.00,,0.00,,,,,,,,,,,,
Paul,GOGARTY,Independent,Dublin Mid-West,Male,No,"45,452","9,091",,,"2,950",6.50,44,1.60,55,7.70,137,11.60,241,18.60,357,20.40,"1,052",28.70,576,13.70,"-5,412",0.00,,,,,,,,,,,,
Emer,HIGGINS,Fine Gael,Dublin Mid-West,Female,No,"45,452","9,091",9,"9,735","4,487",9.90,27,1.00,12,1.70,45,3.80,80,6.20,228,13.00,491,13.40,"2,860",68.00,"1,505",27.80,,,,,,,,,,,,
Peter,KAVANAGH,Green Party,Dublin Mid-West,Male,No,"45,452","9,091",,,"2,785",6.10,70,2.50,69,9.60,107,9.10,198,15.20,440,25.10,"-3,669",0.00,,0.00,,0.00,,,,,,,,,,,,
Gino,KENNY,Solidarity-People Before Profit,Dublin Mid-West,Male,Yes,"45,452","9,091",9,"8,089","3,572",7.90,247,9.00,409,57.00,188,15.90,455,35.00,244,13.90,"1,038",28.30,149,3.50,"1,787",33.00,,,,,,,,,,,,
Caitríona,McCLEAN,Fianna Fáil,Dublin Mid-West,Female,No,"45,452","9,091",,,667,1.50,7,0.30,3,0.40,-677,0.00,,0.00,,0.00,,0.00,,0.00,,0.00,,,,,,,,,,,,
Eoin,Ó BROIN,Sinn Féin,Dublin Mid-West,Male,Yes,"45,452","9,091",1,"11,842","11,842",26.10,,0.00,,0.00,,0.00,,0.00,,0.00,,0.00,,0.00,,0.00,,,,,,,,,,,,
Francis,TIMMONS,Independent,Dublin Mid-West,Male,No,"45,452","9,091",,,"1,103",2.40,57,2.10,78,10.90,61,5.20,"-1,299",0.00,,0.00,,0.00,,0.00,,0.00,,,,,,,,,,,,
Joanna,TUFFY,Labour Party,Dublin Mid-West,Female,No,"45,452","9,091",,,"1,541",3.40,32,1.20,26,3.60,80,6.80,72,5.50,"-1,751",0.00,,0.00,,0.00,,0.00,,,,,,,,,,,,
Mark,WARD,Sinn Féin,Dublin Mid-West,Male,Yes,"45,452","9,091",2,"9,808","7,621",16.80,"2,187",79.50,,0.00,,0.00,,0.00,,0.00,,0.00,,0.00,,0.00,,,,,,,,,,,,
Caroline,CONROY,Green Party,Dublin North-West,Female,No,"32,386","8,097",,,"1,548",4.80,553,8.80,103,15.10,87,10.20,"-2,291",0.00,,0.00,,,,,,,,,,,,,,,,,,
Ian,CROFT,Independent,Dublin North-West,Male,No,"32,386","8,097",,,209,0.60,239,3.80,-448,0.00,,0.00,,0.00,,0.00,,,,,,,,,,,,,,,,,,
Dessie,ELLIS,Sinn Féin,Dublin North-West,Male,Yes,"32,386","8,097",1,"14,375","14,375",44.40,,0.00,,0.00,,0.00,,0.00,,0.00,,,,,,,,,,,,,,,,,,
Niall,FITZGERALD,Independent,Dublin North-West,Male,No,"32,386","8,097",,,115,0.40,121,1.90,-236,0.00,,0.00,,0.00,,0.00,,,,,,,,,,,,,,,,,,
Paul,McAULIFFE,Fianna Fáil,Dublin North-West,Male,No,"32,386","8,097",6,"7,403","3,902",12.00,402,6.40,37,5.40,115,13.50,605,17.10,"2,342",50.50,,,,,,,,,,,,,,,,,,
Andrew,MONTAGUE,Labour Party,Dublin North-West,Male,No,"32,386","8,097",,,848,2.60,301,4.80,55,8.00,36,4.20,"-1,240",0.00,,0.00,,,,,,,,,,,,,,,,,,
Conor,REDDY,Solidarity-People Before Profit,Dublin North-West,Male,No,"32,386","8,097",,"6,308","1,215",3.80,"2,466",39.30,189,27.60,211,24.80,"1,416",40.10,811,17.50,,,,,,,,,,,,,,,,,,
Stephen,REDMOND,National Party,Dublin North-West,Male,No,"32,386","8,097",,,471,1.50,305,4.90,74,10.80,-850,0.00,,0.00,,0.00,,,,,,,,,,,,,,,,,,
Noel,ROCK,Fine Gael,Dublin North-West,Male,Yes,"32,386","8,097",,,"3,579",11.10,119,1.90,34,5.00,17,2.00,889,25.20,"-4,638",0.00,,,,,,,,,,,,,,,,,,
Róisín,SHORTALL,Social Democrats,Dublin North-West,Female,Yes,"32,386","8,097",4,"8,148","6,124",18.90,"1,772",28.20,94,13.70,158,18.60,,0.00,,0.00,,,,,,,,,,,,,,,,,,
Shay,BRENNAN,Fianna Fáil,Dublin Rathdown,Male,No,"42,403","10,601",,"8,277","4,549",10.70,569,46.00,414,28.60,67,4.00,314,8.90,991,23.50,150,17.80,"1,223",18.20,,,,,,,,,,,,,,
Deirdre,CONROY,Fianna Fáil,Dublin Rathdown,Female,No,"42,403","10,601",,,886,2.10,-886,0.00,,0.00,,0.00,,0.00,,0.00,,0.00,,0.00,,,,,,,,,,,,,,
Liam,COUGHLAN,Aontú,Dublin Rathdown,Male,No,"42,403","10,601",,,"1,413",3.30,37,3.00,"-1,450",0.00,,0.00,,0.00,,0.00,,0.00,,0.00,,,,,,,,,,,,,,
Josepha,MADIGAN,Fine Gael,Dublin Rathdown,Female,Yes,"42,403","10,601",8,"8,677","6,482",15.30,73,5.90,48,3.30,21,1.30,340,9.70,871,20.70,230,27.30,612,9.10,,,,,,,,,,,,,,
Catherine,MARTIN,Green Party,Dublin Rathdown,Female,Yes,"42,403","10,601",5,"11,444","8,958",21.10,213,17.20,260,17.90,518,30.80,"1,495",42.50,,0.00,,0.00,,0.00,,,,,,,,,,,,,,
Lettie,McCARTHY,Labour Party,Dublin Rathdown,Female,No,"42,403","10,601",,,"3,179",7.50,63,5.10,86,5.90,191,11.40,"-3,519",0.00,,0.00,,0.00,,0.00,,,,,,,,,,,,,,
Sorcha,Nic CORMAIC,Sinn Féin,Dublin Rathdown,Female,No,"42,403","10,601",,,"4,926",11.60,54,4.40,102,7.00,634,37.70,275,7.80,547,13.00,188,22.30,"-6,726",0.00,,,,,,,,,,,,,,
Patrick,NOONAN,Independent,Dublin Rathdown,Male,No,"42,403","10,601",,,350,0.80,-350,0.00,,0.00,,0.00,,0.00,,0.00,,0.00,,0.00,,,,,,,,,,,,,,
Eoghan,Ó CEANNABHÁIN,Solidarity-People Before Profit,Dublin Rathdown,Male,No,"42,403","10,601",,,"1,498",3.50,99,8.00,83,5.70,"-1,680",0.00,,0.00,,0.00,,0.00,,0.00,,,,,,,,,,,,,,
Neale,RICHMOND,Fine Gael,Dublin Rathdown,Male,No,"42,403","10,601",8,"9,704","6,743",15.90,46,3.70,98,6.80,39,2.30,535,15.20,"1,214",28.80,275,32.60,754,11.20,,,,,,,,,,,,,,
Shane,ROSS,Independent,Dublin Rathdown,Male,Yes,"42,403","10,601",,,"3,419",8.10,55,4.40,177,12.20,129,7.70,435,12.40,"-4,215",0.00,,0.00,,0.00,,,,,,,,,,,,,,
Catherine,ARDAGH,Fianna Fáil,Dublin South-Central,Female,No,"43,291","8,659",,,"4,782",11.00,231,2.80,17,1.90,154,8.70,414,8.90,"-5,598",0.00,,,,,,,,,,,,,,,,,,
Catherine,BYRNE,Fine Gael,Dublin South-Central,Female,Yes,"43,291","8,659",,"7,431","5,078",11.70,114,1.40,10,1.10,73,4.10,513,11.00,"1,643",29.30,,,,,,,,,,,,,,,,,,
Joan,COLLINS,Independents 4 Change,Dublin South-Central,Female,Yes,"43,291","8,659",6,"7,807","2,831",6.50,"1,747",20.90,498,56.10,476,27.00,"1,102",23.60,"1,153",20.60,,,,,,,,,,,,,,,,,,
Patrick,COSTELLO,Green Party,Dublin South-Central,Male,No,"43,291","8,659",6,"8,582","4,041",9.30,408,4.90,73,8.20,176,10.00,"2,219",47.50,"1,665",29.70,,,,,,,,,,,,,,,,,,
Tara,DEACY,Social Democrats,Dublin South-Central,Female,No,"43,291","8,659",,,"1,595",3.70,326,3.90,85,9.60,175,9.90,"-2,181",0.00,,0.00,,,,,,,,,,,,,,,,,,
Robert,FOLEY,Independent,Dublin South-Central,Male,No,"43,291","8,659",,,78,0.20,36,0.40,7,0.80,-121,0.00,,0.00,,0.00,,,,,,,,,,,,,,,,,,
Serina,IRVINE,National Party,Dublin South-Central,Female,No,"43,291","8,659",,,632,1.50,138,1.70,31,3.50,-801,0.00,,0.00,,0.00,,,,,,,,,,,,,,,,,,
Alan,KERRIGAN,Independent,Dublin South-Central,Male,No,"43,291","8,659",,,146,0.30,95,1.10,16,1.80,-257,0.00,,0.00,,0.00,,,,,,,,,,,,,,,,,,
Rebecca,MOYNIHAN,Labour Party,Dublin South-Central,Female,No,"43,291","8,659",,,"2,095",4.80,235,2.80,45,5.10,116,6.60,"-2,491",0.00,,0.00,,,,,,,,,,,,,,,,,,
Richard,MURRAY,Independent,Dublin South-Central,Male,No,"43,291","8,659",,,207,0.50,213,2.50,92,10.40,-512,0.00,,0.00,,0.00,,,,,,,,,,,,,,,,,,
Sean,O'LEARY,Independent,Dublin South-Central,Male,No,"43,291","8,659",,,38,0.10,19,0.20,14,1.60,-71,0.00,,0.00,,0.00,,,,,,,,,,,,,,,,,,
Aengus,Ó SNODAIGH,Sinn Féin,Dublin South-Central,Male,Yes,"43,291","8,659",1,"17,015","17,015",39.30,,0.00,,0.00,,0.00,,0.00,,0.00,,,,,,,,,,,,,,,,,,
Bríd,SMITH,Solidarity-People Before Profit,Dublin South-Central,Female,Yes,"43,291","8,659",2,"9,547","4,753",11.00,"4,794",57.40,,0.00,,0.00,,0.00,,0.00,,,,,,,,,,,,,,,,,,
Ciarán,AHERN,Labour Party,Dublin South-West,Male,No,"67,565","11,261",,,"3,603",5.30,302,3.40,98,5.60,126,5.70,157,4.90,196,5.40,82,2.20,692,15.20,191,18.20,356,6.90,"-5,803",0.00,,,,,,,,
Carly,BAILEY,Social Democrats,Dublin South-West,Female,No,"67,565","11,261",,,"2,761",4.10,837,9.50,129,7.40,243,11.00,50,1.60,116,3.20,419,11.30,"-4,555",0.00,,0.00,,0.00,,0.00,,,,,,,,
Colm,BROPHY,Fine Gael,Dublin South-West,Male,Yes,"67,565","11,261",10,"11,543","8,269",12.20,113,1.30,82,4.70,79,3.60,"2,098",65.60,267,7.30,26,0.70,197,4.30,12,1.10,400,7.70,,0.00,,,,,,,,
Anne Marie,CONDREN,Renua,Dublin South-West,Female,No,"67,565","11,261",,,886,1.30,99,1.10,-985,0.00,,0.00,,0.00,,0.00,,0.00,,0.00,,0.00,,0.00,,0.00,,,,,,,,
Seán,CROWE,Sinn Féin,Dublin South-West,Male,Yes,"67,565","11,261",1,"20,077","20,077",29.70,,0.00,,0.00,,0.00,,0.00,,0.00,,0.00,,0.00,,0.00,,0.00,,0.00,,,,,,,,
Mick,DUFF,Independent,Dublin South-West,Male,No,"67,565","11,261",,,"1,268",1.90,722,8.20,220,12.60,"-2,210",0.00,,0.00,,0.00,,0.00,,0.00,,0.00,,0.00,,0.00,,,,,,,,
Francis Noel,DUFFY,Green Party,Dublin South-West,Male,No,"67,565","11,261",11,"11,138","4,961",7.30,590,6.70,150,8.60,213,9.60,198,6.20,242,6.70,162,4.40,"1,082",23.80,357,34.00,438,8.50,"2,745",47.30,,,,,,,,
Philip,DWYER,National Party,Dublin South-West,Male,No,"67,565","11,261",,,508,0.80,109,1.20,-617,0.00,,0.00,,0.00,,0.00,,0.00,,0.00,,0.00,,0.00,,0.00,,,,,,,,
Sandra,FAY,Solidarity-People Before Profit,Dublin South-West,Female,No,"67,565","11,261",,,"1,653",2.40,"1,571",17.80,97,5.60,306,13.80,14,0.40,55,1.50,"-3,696",0.00,,0.00,,0.00,,0.00,,0.00,,,,,,,,
John,LAHART,Fianna Fáil,Dublin South-West,Male,Yes,"67,565","11,261",11,"10,974","5,503",8.10,153,1.70,100,5.70,61,2.80,83,2.60,"1,431",39.30,35,0.90,132,2.90,20,1.90,"2,582",50.00,874,15.10,,,,,,,,
Paul,MURPHY,Solidarity-People Before Profit,Dublin South-West,Male,Yes,"67,565","11,261",8,"12,311","4,477",6.60,"3,444",39.10,137,7.90,437,19.80,28,0.90,99,2.70,"2,406",65.10,"1,283",28.20,,0.00,,0.00,,0.00,,,,,,,,
Charlie,O'CONNOR,Fianna Fáil,Dublin South-West,Male,No,"67,565","11,261",,,"3,376",5.00,266,3.00,204,11.70,217,9.80,61,1.90,780,21.40,81,2.20,143,3.10,38,3.60,"-5,166",0.00,,0.00,,,,,,,,
Deirdre,O'DONOVAN,Fianna Fáil,Dublin South-West,Female,No,"67,565","11,261",,,"3,314",4.90,93,1.10,82,4.70,34,1.50,116,3.60,"-3,639",0.00,,0.00,,0.00,,0.00,,0.00,,0.00,,,,,,,,
Colm,O'KEEFFE,Independent,Dublin South-West,Male,No,"67,565","11,261",,,90,0.10,51,0.60,-141,0.00,,0.00,,0.00,,0.00,,0.00,,0.00,,0.00,,0.00,,0.00,,,,,,,,
Ellen,O'MALLEY DUNLOP,Fine Gael,Dublin South-West,Female,No,"67,565","11,261",,,"3,111",4.60,33,0.40,28,1.60,25,1.10,"-3,197",0.00,,0.00,,0.00,,0.00,,0.00,,0.00,,0.00,,,,,,,,
Katherine,ZAPPONE,Independent,Dublin South-West,Female,Yes,"67,565","11,261",,"8,050","3,708",5.50,433,4.90,57,3.30,243,11.00,359,11.20,342,9.40,156,4.20,566,12.40,278,26.50,588,11.40,"1,320",22.70,,,,,,,,
Joan,BURTON,Labour Party,Dublin West,Female,Yes,"43,628","8,726",,,"2,096",4.80,105,2.80,35,3.20,85,6.80,85,5.60,"-2,406",0.00,,,,,,,,,,,,,,,,,,
Peter,CASEY,Independent,Dublin West,Male,No,"43,628","8,726",,,495,1.10,213,5.70,-708,0.00,,0.00,,0.00,,0.00,,,,,,,,,,,,,,,,,,
Jack,CHAMBERS,Fianna Fáil,Dublin West,Male,Yes,"43,628","8,726",6,"9,107","6,892",15.80,295,7.90,143,13.00,55,4.40,451,29.60,"1,271",28.70,,,,,,,,,,,,,,,,,,
Ruth,COPPINGER,Solidarity-People Before Profit,Dublin West,Female,Yes,"43,628","8,726",,"7,580","4,353",10.00,"1,859",49.80,218,19.90,378,30.30,183,12.00,589,13.30,,,,,,,,,,,,,,,,,,
Emer,CURRIE,Fine Gael,Dublin West,Female,No,"43,628","8,726",,,"1,870",4.30,35,0.90,42,3.80,33,2.60,50,3.30,"-2,030",0.00,,,,,,,,,,,,,,,,,,
Paul,DONNELLY,Sinn Féin,Dublin West,Male,No,"43,628","8,726",1,"12,456","12,456",28.60,,0.00,,0.00,,0.00,,0.00,,0.00,,,,,,,,,,,,,,,,,,
Edward,MacMANUS,Aontú,Dublin West,Male,No,"43,628","8,726",,,"1,062",2.40,156,4.20,202,18.40,102,8.20,"-1,522",0.00,,0.00,,,,,,,,,,,,,,,,,,
Roderic,O'GORMAN,Green Party,Dublin West,Male,No,"43,628","8,726",6,"8,260","4,901",11.20,470,12.60,100,9.10,448,35.90,351,23.10,"1,990",44.90,,,,,,,,,,,,,,,,,,
Sean,O'LEARY,Independent,Dublin West,Male,No,"43,628","8,726",,,24,0.10,41,1.10,-65,0.00,,0.00,,0.00,,0.00,,,,,,,,,,,,,,,,,,
Stephen,O'LOUGHLIN,Independent,Dublin West,Male,No,"43,628","8,726",,,184,0.40,141,3.80,-325,0.00,,0.00,,0.00,,0.00,,,,,,,,,,,,,,,,,,
Aengus,Ó MAOLÁIN,Social Democrats,Dublin West,Male,No,"43,628","8,726",,,817,1.90,297,8.00,135,12.30,"-1,249",0.00,,0.00,,0.00,,,,,,,,,,,,,,,,,,
Leo,VARADKAR,Fine Gael,Dublin West,Male,Yes,"43,628","8,726",5,"8,763","8,478",19.40,118,3.20,45,4.10,65,5.20,57,3.70,,0.00,,,,,,,,,,,,,,,,,,
Richard,BOYD BARRETT,Solidarity-People Before Profit,Dún Laoghaire,Male,Yes,"62,293","12,459",7,"16,364","9,632",15.50,114,10.90,373,12.60,509,15.10,274,5.80,217,3.40,"5,245",81.50,,0.00,,,,,,,,,,,,,,
Jennifer,CARROLL MacNEILL,Fine Gael,Dún Laoghaire,Female,No,"62,293","12,459",8,"12,061","7,754",12.40,33,3.20,104,3.50,446,13.20,319,6.70,"2,832",44.60,178,2.80,395,10.10,,,,,,,,,,,,,,
Cormac,DEVLIN,Fianna Fáil,Dún Laoghaire,Male,No,"62,293","12,459",8,"11,071","5,715",9.20,100,9.60,516,17.40,199,5.90,"2,997",63.10,467,7.40,307,4.80,770,19.70,,,,,,,,,,,,,,
Mary,HANAFIN,Fianna Fáil,Dún Laoghaire,Female,No,"62,293","12,459",,,"4,196",6.70,66,6.30,341,11.50,149,4.40,"-4,752",0.00,,0.00,,0.00,,0.00,,,,,,,,,,,,,,
Mary,MITCHELL O'CONNOR,Fine Gael,Dún Laoghaire,Female,Yes,"62,293","12,459",,"10,612","7,330",11.80,25,2.40,85,2.90,245,7.30,382,8.00,"2,069",32.60,145,2.30,331,8.50,,,,,,,,,,,,,,
Shane,O'BRIEN,Sinn Féin,Dún Laoghaire,Male,No,"62,293","12,459",,,"6,002",9.60,52,5.00,172,5.80,123,3.60,52,1.10,31,0.50,"-6,432",0.00,,0.00,,,,,,,,,,,,,,
Juliet,O'CONNELL,Labour Party,Dún Laoghaire,Female,No,"62,293","12,459",,,"3,009",4.80,39,3.70,324,11.00,"-3,372",0.00,,0.00,,0.00,,0.00,,0.00,,,,,,,,,,,,,,
Con Óg,Ó LAOGHAIRE,Irish Freedom Party,Dún Laoghaire,Male,No,"62,293","12,459",,,119,0.20,-119,0.00,,0.00,,0.00,,0.00,,0.00,,0.00,,0.00,,,,,,,,,,,,,,
Dave,QUINN,Social Democrats,Dún Laoghaire,Male,No,"62,293","12,459",,,"1,382",2.20,37,3.50,"-1,419",0.00,,0.00,,0.00,,0.00,,0.00,,0.00,,,,,,,,,,,,,,
Ossian,SMYTH,Green Party,Dún Laoghaire,Male,No,"62,293","12,459",6,"12,510","9,300",14.90,91,8.70,779,26.30,"1,362",40.40,368,7.70,610,9.60,,0.00,,0.00,,,,,,,,,,,,,,
Mairéad,TÓIBÍN,Aontú,Dún Laoghaire,Female,No,"62,293","12,459",,,"1,185",1.90,354,33.90,"-1,539",0.00,,0.00,,0.00,,0.00,,0.00,,0.00,,,,,,,,,,,,,,
Barry,WARD,Fine Gael,Dún Laoghaire,Male,No,"62,293","12,459",,,"5,744",9.20,52,5.00,96,3.20,248,7.40,209,4.40,"-6,349",0.00,,0.00,,0.00,,,,,,,,,,,,,,
John,WATERS,Independent,Dún Laoghaire,Male,No,"62,293","12,459",,,925,1.50,-925,0.00,,0.00,,0.00,,0.00,,0.00,,0.00,,0.00,,,,,,,,,,,,,,
Seán,CANNEY,Independent,Galway East,Male,Yes,"42,520","10,631",7,"12,292","7,815",18.40,79,21.20,248,37.00,189,10.60,454,17.20,"1,111",21.50,"2,396",34.40,,0.00,,,,,,,,,,,,,,
Ciaran,CANNON,Fine Gael,Galway East,Male,Yes,"42,520","10,631",8,"10,890","6,298",14.80,9,2.40,19,2.80,210,11.80,578,21.80,311,6.00,"2,565",36.80,900,54.20,,,,,,,,,,,,,,
Donagh Mark,KILLILEA,Fianna Fáil,Galway East,Male,No,"42,520","10,631",,,"4,932",11.60,14,3.80,58,8.70,62,3.50,105,4.00,"-5,171",0.00,,0.00,,0.00,,,,,,,,,,,,,,
Deaglán,MacCANNA,Renua,Galway East,Male,No,"42,520","10,631",,,126,0.30,-126,0.00,,0.00,,0.00,,0.00,,0.00,,0.00,,0.00,,,,,,,,,,,,,,
Eoin,MADDEN,Green Party,Galway East,Male,No,"42,520","10,631",,,"1,924",4.50,18,4.80,35,5.20,670,37.60,"-2,647",0.00,,0.00,,0.00,,0.00,,,,,,,,,,,,,,
Louis,O'HARA,Sinn Féin,Galway East,Male,No,"42,520","10,631",,"9,685","7,108",16.70,69,18.50,117,17.50,355,19.90,792,29.90,358,6.90,612,8.80,274,16.50,,,,,,,,,,,,,,
David,O'REILLY,Independent,Galway East,Male,No,"42,520","10,631",,,246,0.60,-246,0.00,,0.00,,0.00,,0.00,,0.00,,0.00,,0.00,,,,,,,,,,,,,,
Anne,RABBITTE,Fianna Fáil,Galway East,Female,Yes,"42,520","10,631",8,"10,022","5,762",13.60,14,3.80,44,6.60,123,6.90,178,6.70,"2,555",49.40,859,12.30,487,29.30,,,,,,,,,,,,,,
Peter,REID,Social Democrats,Galway East,Male,No,"42,520","10,631",,,848,2.00,19,5.10,25,3.70,-892,0.00,,0.00,,0.00,,0.00,,0.00,,,,,,,,,,,,,,
Pete,ROCHE,Fine Gael,Galway East,Male,No,"42,520","10,631",,,"6,034",14.20,6,1.60,50,7.50,90,5.10,212,8.00,581,11.20,"-6,973",0.00,,0.00,,,,,,,,,,,,,,
Marian,SPELMAN,Labour Party,Galway East,Female,No,"42,520","10,631",,,845,2.00,18,4.80,27,4.00,-890,0.00,,0.00,,0.00,,0.00,,0.00,,,,,,,,,,,,,,
Martin 'Jonesy',WARD,Aontú,Galway East,Male,No,"42,520","10,631",,,582,1.40,88,23.70,-670,0.00,,0.00,,0.00,,0.00,,0.00,,0.00,,,,,,,,,,,,,,
Conor,BURKE,Solidarity-People Before Profit,Galway West,Male,No,"60,341","10,057",,,495,0.80,17,5.30,-512,0.00,,0.00,,0.00,,0.00,,0.00,,0.00,,0.00,,0.00,,0.00,,0.00,,0.00,,,,
Catherine,CONNOLLY,Independent,Galway West,Female,Yes,"60,341","10,057",12,"12,486","5,439",9.00,39,12.30,215,22.50,82,7.30,253,15.90,633,21.80,964,22.80,464,8.20,633,34.20,109,32.40,75,26.50,"3,580",55.90,,0.00,,,,
Cormac Ó,CORCORÁIN,Aontú,Galway West,Male,No,"60,341","10,057",,,"1,058",1.80,39,12.30,21,2.20,"-1,118",0.00,,0.00,,0.00,,0.00,,0.00,,0.00,,0.00,,0.00,,0.00,,0.00,,,,
Ollie,CROWE,Fianna Fáil,Galway West,Male,No,"60,341","10,057",,,"5,175",8.60,5,1.60,27,2.80,103,9.20,74,4.60,171,5.90,116,2.70,"-5,671",0.00,,0.00,,0.00,,0.00,,0.00,,0.00,,,,
Mike,CUBBARD,Independent,Galway West,Male,No,"60,341","10,057",,,"2,676",4.40,21,6.60,43,4.50,62,5.50,105,6.60,"-2,907",0.00,,0.00,,0.00,,0.00,,0.00,,0.00,,0.00,,0.00,,,,
Éamon Ó,CUÍV,Fianna Fáil,Galway West,Male,Yes,"60,341","10,057",8,"11,910","8,522",14.10,12,3.80,22,2.30,269,24.10,68,4.30,124,4.30,183,4.30,"2,710",47.80,,0.00,,0.00,,0.00,,0.00,,0.00,,,,
Mairéad,FARRELL,Sinn Féin,Galway West,Female,No,"60,341","10,057",8,"10,340","8,464",14.00,22,6.90,258,27.00,70,6.30,90,5.60,729,25.10,380,9.00,327,5.80,,0.00,,0.00,,0.00,,0.00,,0.00,,,,
Daragh O,FLAHERTY,Independent,Galway West,Male,No,"60,341","10,057",,,318,0.50,-318,0.00,,0.00,,0.00,,0.00,,0.00,,0.00,,0.00,,0.00,,0.00,,0.00,,0.00,,0.00,,,,
Noel,GREALISH,Independent,Galway West,Male,Yes,"60,341","10,057",8,"10,393","8,043",13.30,116,36.50,37,3.90,345,30.90,75,4.70,552,19.00,134,3.20,"1,091",19.20,,0.00,,0.00,,0.00,,0.00,,0.00,,,,
Seán,KYNE,Fine Gael,Galway West,Male,Yes,"60,341","10,057",,"7,574","5,284",8.80,8,2.50,22,2.30,31,2.80,132,8.30,82,2.80,270,6.40,220,3.90,350,18.90,62,18.50,32,11.30,544,8.50,537,22.10,,,,
Joe,LOUGHNANE,Solidarity-People Before Profit,Galway West,Male,No,"60,341","10,057",,,437,0.70,8,2.50,-445,0.00,,0.00,,0.00,,0.00,,0.00,,0.00,,0.00,,0.00,,0.00,,0.00,,0.00,,,,
Níall,McNELIS,Labour Party,Galway West,Male,No,"60,341","10,057",,,"1,548",2.60,6,1.90,23,2.40,16,1.40,"-1,593",0.00,,0.00,,0.00,,0.00,,0.00,,0.00,,0.00,,0.00,,0.00,,,,
Hildegarde,NAUGHTON,Fine Gael,Galway West,Female,Yes,"60,341","10,057",13,"9,519","5,609",9.30,8,2.50,28,2.90,22,2.00,218,13.70,142,4.90,603,14.30,379,6.70,357,19.30,107,31.80,36,12.70,"1,027",16.00,983,40.50,,,,
Pauline,O'REILLY,Green Party,Galway West,Female,No,"60,341","10,057",,,"3,650",6.00,5,1.60,111,11.60,45,4.00,287,18.00,132,4.50,"-4,230",0.00,,0.00,,0.00,,0.00,,0.00,,0.00,,0.00,,,,
Niall,Ó TUATHAIL,Social Democrats,Galway West,Male,No,"60,341","10,057",,,"3,623",6.00,7,2.20,131,13.70,32,2.90,264,16.60,256,8.80,"1,437",34.00,229,4.00,302,16.30,58,17.30,64,22.60,"-6,403",0.00,,0.00,,,,
John,BOWLER,Irish Freedom Party,Kerry,Male,No,"77,666","12,945",,,473,0.60,28,0.70,139,5.00,-640,0.00,,0.00,,0.00,,0.00,,0.00,,,,,,,,,,,,,,
John,BRASSIL,Fianna Fáil,Kerry,Male,Yes,"77,666","12,945",,"8,655","5,431",7.00,234,6.00,179,6.40,245,9.30,659,15.60,482,10.90,452,25.70,973,15.60,,,,,,,,,,,,,,
Ted,CRONIN,Independent,Kerry,Male,No,"77,666","12,945",,,391,0.50,26,0.70,127,4.60,-544,0.00,,0.00,,0.00,,0.00,,0.00,,,,,,,,,,,,,,
Pa,DALY,Sinn Féin,Kerry,Male,No,"77,666","12,945",1,"15,733","15,733",20.30,,0.00,,0.00,,0.00,,0.00,,0.00,,0.00,,0.00,,,,,,,,,,,,,,
Norma,FOLEY,Fianna Fáil,Kerry,Female,No,"77,666","12,945",8,"11,989","6,856",8.80,415,10.70,376,13.50,287,10.80,"1,177",27.90,482,10.90,535,30.40,"1,861",29.90,,,,,,,,,,,,,,
Sonny,FORAN,Aontú,Kerry,Male,No,"77,666","12,945",,,"1,109",1.40,71,1.80,224,8.00,"-1,404",0.00,,0.00,,0.00,,0.00,,0.00,,,,,,,,,,,,,,
Brendan,GRIFFIN,Fine Gael,Kerry,Male,Yes,"77,666","12,945",6,"14,703","10,296",13.30,542,14.00,235,8.40,188,7.10,994,23.60,"2,448",55.40,,0.00,,0.00,,,,,,,,,,,,,,
Danny,HEALY-RAE,Independent,Kerry,Male,Yes,"77,666","12,945",6,"13,000","8,663",11.20,"1,941",50.10,729,26.10,757,28.60,574,13.60,336,7.60,,0.00,,0.00,,,,,,,,,,,,,,
Michael,HEALY-RAE,Independent,Kerry,Male,Yes,"77,666","12,945",1,"16,818","16,818",21.70,,0.00,,0.00,,0.00,,0.00,,0.00,,0.00,,0.00,,,,,,,,,,,,,,
Mike,KENNELLY,Fine Gael,Kerry,Male,No,"77,666","12,945",,,"3,974",5.10,179,4.60,125,4.50,101,3.80,40,0.90,"-4,419",0.00,,0.00,,0.00,,,,,,,,,,,,,,
Norma,MORIARTY,Fianna Fáil,Kerry,Female,No,"77,666","12,945",,,"3,767",4.90,282,7.30,96,3.40,72,2.70,"-4,217",0.00,,0.00,,0.00,,0.00,,,,,,,,,,,,,,
Cleo,MURPHY,Green Party,Kerry,Female,No,"77,666","12,945",,,"4,122",5.30,151,3.90,535,19.20,455,17.20,341,8.10,207,4.70,418,23.80,"-6,229",0.00,,,,,,,,,,,,,,
Sean,O'LEARY,Independent,Kerry,Male,No,"77,666","12,945",,,33,0.00,4,0.10,23,0.80,-60,0.00,,0.00,,0.00,,0.00,,0.00,,,,,,,,,,,,,,
Réada,CRONIN,Sinn Féin,Kildare North,Female,No,"50,945","10,190",6,"11,079","8,705",17.10,487,22.70,316,11.10,115,14.10,109,2.80,"1,347",20.20,,,,,,,,,,,,,,,,,,
Bernard,DURKAN,Fine Gael,Kildare North,Male,Yes,"50,945","10,190",6,"10,258","5,447",10.70,75,3.50,388,13.60,96,11.70,"2,515",64.20,"1,737",26.00,,,,,,,,,,,,,,,,,,
James,LAWLESS,Fianna Fáil,Kildare North,Male,Yes,"50,945","10,190",6,"9,357","7,029",13.80,117,5.40,211,7.40,60,7.30,492,12.60,"1,448",21.70,,,,,,,,,,,,,,,,,,
Anthony,LAWLOR,Fine Gael,Kildare North,Male,No,"50,945","10,190",,,"3,621",7.10,72,3.40,178,6.20,49,6.00,"-3,920",0.00,,0.00,,,,,,,,,,,,,,,,,,
Paul,MAHON,Solidarity-People Before Profit,Kildare North,Male,No,"50,945","10,190",,,861,1.70,-861,0.00,,0.00,,0.00,,0.00,,0.00,,,,,,,,,,,,,,,,,,
Vincent P.,MARTIN,Green Party,Kildare North,Male,No,"50,945","10,190",,,"5,100",10.00,373,17.40,428,15.00,310,37.90,463,11.80,"-6,674",0.00,,,,,,,,,,,,,,,,,,
David,MONAGHAN,Independent,Kildare North,Male,No,"50,945","10,190",,,197,0.40,-197,0.00,,0.00,,0.00,,0.00,,0.00,,,,,,,,,,,,,,,,,,
Catherine,MURPHY,Social Democrats,Kildare North,Female,Yes,"50,945","10,190",3,"11,008","9,808",19.30,372,17.30,828,29.00,,0.00,,0.00,,0.00,,,,,,,,,,,,,,,,,,
Séamus,Ó RIAIN,Renua,Kildare North,Male,No,"50,945","10,190",,,967,1.90,-967,0.00,,0.00,,0.00,,0.00,,0.00,,,,,,,,,,,,,,,,,,
Frank,O'ROURKE,Fianna Fáil,Kildare North,Male,Yes,"50,945","10,190",,"7,956","6,336",12.40,260,12.10,349,12.20,90,11.00,203,5.20,718,10.80,,,,,,,,,,,,,,,,,,
Emmet,STAGG,Labour Party,Kildare North,Male,No,"50,945","10,190",,,"2,751",5.40,102,4.70,"-2,853",0.00,,0.00,,0.00,,0.00,,,,,,,,,,,,,,,,,,
Wayne,SWORDS,Independent,Kildare North,Male,No,"50,945","10,190",,,123,0.20,-123,0.00,,0.00,,0.00,,0.00,,0.00,,,,,,,,,,,,,,,,,,
Cathal,BERRY,Independent,Kildare South,Male,No,"47,260","11,816",8,"10,940","5,742",12.10,219,16.90,215,14.60,325,15.20,375,9.90,"1,394",31.20,"2,423",32.40,247,73.50,,,,,,,,,,,,,,
Suzanne,DOYLE,Fianna Fáil,Kildare South,Female,No,"47,260","11,816",,,"3,580",7.60,85,6.60,38,2.60,79,3.70,"-3,782",0.00,,0.00,,0.00,,0.00,,,,,,,,,,,,,,
Linda,HAYDEN,Social Democrats,Kildare South,Female,No,"47,260","11,816",,,"1,338",2.80,136,10.50,"-1,474",0.00,,0.00,,0.00,,0.00,,0.00,,0.00,,,,,,,,,,,,,,
Martin,HEYDON,Fine Gael,Kildare South,Male,Yes,"47,260","11,816",8,"11,710","8,069",17.10,51,3.90,98,6.60,349,16.30,443,11.70,641,14.30,"2,025",27.10,34,10.10,,,,,,,,,,,,,,
Ronan,MAHER,Green Party,Kildare South,Male,No,"47,260","11,816",,,"1,639",3.50,115,8.90,390,26.50,"-2,144",0.00,,0.00,,0.00,,0.00,,0.00,,,,,,,,,,,,,,
Fiona,McLOUGHLIN HEALY,Independent,Kildare South,Female,No,"47,260","11,816",,,"3,616",7.70,114,8.80,208,14.10,283,13.20,250,6.60,"-4,471",0.00,,0.00,,0.00,,,,,,,,,,,,,,
Anita,MHIC GIB,Aontú,Kildare South,Female,No,"47,260","11,816",,,697,1.50,-697,0.00,,0.00,,0.00,,0.00,,0.00,,0.00,,0.00,,,,,,,,,,,,,,
Fiona,O'LOUGHLIN,Fianna Fáil,Kildare South,Female,Yes,"47,260","11,816",,"10,425","5,927",12.50,58,4.50,58,3.90,133,6.20,"2,001",52.90,759,17.00,"1,434",19.20,55,16.40,,,,,,,,,,,,,,
Patricia,RYAN,Sinn Féin,Kildare South,Female,No,"47,260","11,816",6,"12,152","10,155",21.50,306,23.60,258,17.50,353,16.50,223,5.90,857,19.20,,0.00,,0.00,,,,,,,,,,,,,,
Róisín,UÍ BHROIN,Solidarity-People Before Profit,Kildare South,Female,No,"47,260","11,816",,,598,1.30,-598,0.00,,0.00,,0.00,,0.00,,0.00,,0.00,,0.00,,,,,,,,,,,,,,
Mark,WALL,Labour Party,Kildare South,Male,No,"47,260","11,816",,,"5,899",12.50,75,5.80,168,11.40,506,23.60,336,8.90,500,11.20,"-7,484",0.00,,0.00,,,,,,,,,,,,,,
Seán,Ó FEARGHAÍL,Fianna Fáil,Kildare South,Male,Yes,"47,260","11,816",,,,0.00,,0.00,,0.00,,0.00,,0.00,,0.00,,0.00,,0.00,,,,,,,,,,,,,,
Marcella,CORCORAN KENNEDY,Fine Gael,Laois-Offaly,Female,Yes,"69,422","11,571",,,"4,519",6.50,66,1.30,9,1.00,49,2.60,23,1.00,117,3.70,134,3.40,240,5.40,38,6.40,"-5,195",0.00,,0.00,,,,,,,,
Barry,COWEN,Fianna Fáil,Laois-Offaly,Male,Yes,"69,422","11,571",8,"12,162","8,677",12.50,212,4.20,30,3.30,211,11.30,36,1.60,76,2.40,456,11.60,"2,464",55.40,,0.00,,0.00,,0.00,,,,,,,,
John,DALY,National Party,Laois-Offaly,Male,No,"69,422","11,571",,,441,0.60,116,2.30,-557,0.00,,0.00,,0.00,,0.00,,0.00,,0.00,,0.00,,0.00,,0.00,,,,,,,,
Charlie,FLANAGAN,Fine Gael,Laois-Offaly,Male,Yes,"69,422","11,571",10,"11,757","7,463",10.80,178,3.50,34,3.70,116,6.20,30,1.30,382,12.00,84,2.10,109,2.40,22,3.70,"3,339",64.30,,0.00,,,,,,,,
Pauline,FLANAGAN,Fianna Fáil,Laois-Offaly,Female,No,"69,422","11,571",,,"1,744",2.50,106,2.10,24,2.60,"-1,874",0.00,,0.00,,0.00,,0.00,,0.00,,0.00,,0.00,,0.00,,,,,,,,
Seán,FLEMING,Fianna Fáil,Laois-Offaly,Male,Yes,"69,422","11,571",11,"11,364","7,636",11.00,480,9.40,74,8.10,916,48.90,56,2.50,574,18.00,99,2.50,492,11.10,349,59.10,192,3.70,496,8.70,,,,,,,,
Pippa,HACKETT,Green Party,Laois-Offaly,Female,No,"69,422","11,571",,"7,109","3,494",5.00,427,8.40,70,7.70,90,4.80,484,21.30,678,21.30,568,14.40,130,2.90,23,3.90,504,9.70,641,11.30,,,,,,,,
John,LEAHY,Independent,Laois-Offaly,Male,No,"69,422","11,571",,,"3,463",5.00,262,5.20,137,15.00,14,0.70,187,8.20,129,4.00,629,16.00,351,7.90,80,13.50,417,8.00,"-5,669",0.00,,,,,,,,
Carol,NOLAN,Independent,Laois-Offaly,Female,Yes,"69,422","11,571",11,"12,521","5,436",7.80,746,14.70,180,19.70,72,3.80,372,16.40,303,9.50,"1,244",31.60,495,11.10,79,13.40,437,8.40,"3,157",55.70,,,,,,,,
Peter,ORMOND,Fianna Fáil,Laois-Offaly,Male,No,"69,422","11,571",,,"4,073",5.90,59,1.20,5,0.50,183,9.80,14,0.60,26,0.80,89,2.30,"-4,449",0.00,,0.00,,0.00,,0.00,,,,,,,,
Noel,O'ROURKE,Renua,Laois-Offaly,Male,No,"69,422","11,571",,,290,0.40,66,1.30,-356,0.00,,0.00,,0.00,,0.00,,0.00,,0.00,,0.00,,0.00,,0.00,,,,,,,,
Ken,SMOLLEN,Irish Democratic Party,Laois-Offaly,Male,No,"69,422","11,571",,,"2,611",3.80,562,11.10,88,9.60,13,0.70,366,16.10,301,9.40,"-3,941",0.00,,0.00,,0.00,,0.00,,0.00,,,,,,,,
Brian,STANLEY,Sinn Féin,Laois-Offaly,Male,Yes,"69,422","11,571",1,"16,654","16,654",24.00,,0.00,,0.00,,0.00,,0.00,,0.00,,0.00,,0.00,,0.00,,0.00,,0.00,,,,,,,,
Noel,TUOHY,Labour Party,Laois-Offaly,Male,No,"69,422","11,571",,,"2,011",2.90,585,11.50,68,7.40,142,7.60,384,16.90,"-3,190",0.00,,0.00,,0.00,,0.00,,0.00,,0.00,,,,,,,,
Stephen,TYNAN,Solidarity-People Before Profit,Laois-Offaly,Male,No,"69,422","11,571",,,910,1.30,"1,218",24.00,115,12.60,30,1.60,"-2,273",0.00,,0.00,,0.00,,0.00,,0.00,,0.00,,0.00,,,,,,,,
Rebecca,BARRETT,National Party,Limerick City,Female,No,"46,129","9,226",,,345,0.70,35,2.00,-380,0.00,,0.00,,0.00,,0.00,,0.00,,0.00,,0.00,,,,,,,,,,,,
Jenny,BLAKE,Social Democrats,Limerick City,Female,No,"46,129","9,226",,,"1,799",3.90,188,10.60,480,34.60,183,9.80,"-2,650",0.00,,0.00,,0.00,,0.00,,0.00,,,,,,,,,,,,
Maria,BYRNE,Fine Gael,Limerick City,Female,No,"46,129","9,226",,,"2,998",6.50,23,1.30,21,1.50,93,5.00,118,4.50,13,5.60,405,12.90,"-3,671",0.00,,0.00,,,,,,,,,,,,
Mary,CAHILLANE,Solidarity-People Before Profit,Limerick City,Female,No,"46,129","9,226",,,701,1.50,307,17.20,"-1,008",0.00,,0.00,,0.00,,0.00,,0.00,,0.00,,0.00,,,,,,,,,,,,
James,COLLINS,Fianna Fáil,Limerick City,Male,No,"46,129","9,226",,,"2,759",6.00,29,1.60,20,1.40,227,12.20,72,2.70,43,18.40,"-3,150",0.00,,0.00,,0.00,,,,,,,,,,,,
Frankie,DALY,Independent,Limerick City,Male,No,"46,129","9,226",,"6,720","3,200",6.90,525,29.50,297,21.40,391,21.00,527,19.90,77,32.90,387,12.30,281,7.70,"1,035",22.20,,,,,,,,,,,,
Brian,LEDDIN,Green Party,Limerick City,Male,No,"46,129","9,226",9,"8,207","3,252",7.00,133,7.50,153,11.00,232,12.50,"1,040",39.20,23,9.80,567,18.00,456,12.40,"2,351",50.40,,,,,,,,,,,,
Willie,O'DEA,Fianna Fáil,Limerick City,Male,Yes,"46,129","9,226",2,"9,460","9,198",19.90,262,14.70,,0.00,,0.00,,0.00,,0.00,,0.00,,0.00,,0.00,,,,,,,,,,,,
Kieran,O'DONNELL,Fine Gael,Limerick City,Male,No,"46,129","9,226",8,"9,754","6,589",14.30,39,2.20,33,2.40,206,11.10,84,3.20,15,6.40,683,21.70,"2,105",57.30,,0.00,,,,,,,,,,,,
Jan,O'SULLIVAN,Labour Party,Limerick City,Female,Yes,"46,129","9,226",,,"2,729",5.90,109,6.10,78,5.60,160,8.60,525,19.80,25,10.70,501,15.90,540,14.70,"-4,667",0.00,,,,,,,,,,,,
Maurice,QUINLIVAN,Sinn Féin,Limerick City,Male,Yes,"46,129","9,226",1,"11,006","11,006",23.90,,0.00,,0.00,,0.00,,0.00,,0.00,,0.00,,0.00,,0.00,,,,,,,,,,,,
Michael,RYAN,Aontú,Limerick City,Male,No,"46,129","9,226",,,"1,553",3.40,130,7.30,177,12.80,"-1,860",0.00,,0.00,,0.00,,0.00,,0.00,,0.00,,,,,,,,,,,,
Michael,COLLINS,Fianna Fáil,Limerick County,Male,No,"46,090","11,523",,,"5,150",11.20,170,8.40,212,7.90,"-5,532",0.00,,0.00,,0.00,,,,,,,,,,,,,,,,,,
Niall,COLLINS,Fianna Fáil,Limerick County,Male,Yes,"46,090","11,523",4,"11,870","8,436",18.30,195,9.60,254,9.40,"2,985",54.00,,0.00,,0.00,,,,,,,,,,,,,,,,,,
Con,CREMIN,Independent,Limerick County,Male,No,"46,090","11,523",,,373,0.80,-373,0.00,,0.00,,0.00,,0.00,,0.00,,,,,,,,,,,,,,,,,,
John,DALTON,Renua,Limerick County,Male,No,"46,090","11,523",,,313,0.70,-313,0.00,,0.00,,0.00,,0.00,,0.00,,,,,,,,,,,,,,,,,,
Claire,KEATING,Green Party,Limerick County,Female,No,"46,090","11,523",,,"2,503",5.40,185,9.10,"-2,688",0.00,,0.00,,0.00,,0.00,,,,,,,,,,,,,,,,,,
Tom,NEVILLE,Fine Gael,Limerick County,Male,Yes,"46,090","11,523",,,"5,810",12.60,160,7.90,388,14.40,407,7.40,"-6,765",0.00,,0.00,,,,,,,,,,,,,,,,,,
Cristín,Ní MHAOLDHOMHNAIGH,National Party,Limerick County,Female,No,"46,090","11,523",,,224,0.50,-224,0.00,,0.00,,0.00,,0.00,,0.00,,,,,,,,,,,,,,,,,,
Séighin,Ó CEALLAIGH,Sinn Féin,Limerick County,Male,No,"46,090","11,523",,"8,955","6,916",15.00,288,14.20,610,22.70,311,5.60,454,6.70,376,9.30,,,,,,,,,,,,,,,,,,
Robert,O'DONNELL,Independent,Limerick County,Male,No,"46,090","11,523",,,402,0.90,-402,0.00,,0.00,,0.00,,0.00,,0.00,,,,,,,,,,,,,,,,,,
Conor,O'DONOGHUE,Aontú,Limerick County,Male,No,"46,090","11,523",,,714,1.50,-714,0.00,,0.00,,0.00,,0.00,,0.00,,,,,,,,,,,,,,,,,,
Richard,O'DONOGHUE,Independent,Limerick County,Male,No,"46,090","11,523",6,"10,320","6,021",13.10,578,28.50,451,16.80,597,10.80,940,13.90,"1,733",43.00,,,,,,,,,,,,,,,,,,
Patrick,O'DONOVAN,Fine Gael,Limerick County,Male,Yes,"46,090","11,523",5,"15,552","9,228",20.00,230,11.40,494,18.40,941,17.00,"4,659",68.90,,0.00,,,,,,,,,,,,,,,,,,
Peter,BURKE,Fine Gael,Longford-Westmeath,Male,Yes,"56,383","11,277",10,"11,034","6,617",11.70,18,3.20,10,3.50,3,0.90,14,3.40,15,2.10,54,4.80,575,39.70,"1,019",20.30,"2,709",38.80,,,,,,,,,,
Micheál,CARRIGY,Fine Gael,Longford-Westmeath,Male,No,"56,383","11,277",,,"6,334",11.20,16,2.80,48,16.60,1,0.30,22,5.40,30,4.10,83,7.30,173,11.90,274,5.40,"-6,981",0.00,,,,,,,,,,
Sorca,CLARKE,Sinn Féin,Longford-Westmeath,Female,No,"56,383","11,277",1,"11,848","11,848",21.00,,0.00,,0.00,,0.00,,0.00,,0.00,,0.00,,0.00,,0.00,,0.00,,,,,,,,,,
Joe,FLAHERTY,Fianna Fáil,Longford-Westmeath,Male,No,"56,383","11,277",10,"11,064","7,666",13.60,37,6.50,52,18.00,6,1.90,27,6.60,37,5.10,151,13.40,23,1.60,237,4.70,"2,828",40.50,,,,,,,,,,
Louise,HEAVIN,Green Party,Longford-Westmeath,Female,No,"56,383","11,277",,,"2,325",4.10,72,12.60,13,4.50,31,9.60,47,11.50,233,32.10,59,5.20,130,9.00,"-2,910",0.00,,0.00,,,,,,,,,,
Donal,JACKSON,Independent,Longford-Westmeath,Male,No,"56,383","11,277",,,71,0.10,12,2.10,-83,0.00,,0.00,,0.00,,0.00,,0.00,,0.00,,0.00,,0.00,,,,,,,,,,
Anna,KAVANAGH,Independent,Longford-Westmeath,Female,No,"56,383","11,277",,,334,0.60,29,5.10,34,11.80,11,3.40,-408,0.00,,0.00,,0.00,,0.00,,0.00,,0.00,,,,,,,,,,
Frank,KILBRIDE,Independent,Longford-Westmeath,Male,No,"56,383","11,277",,,197,0.30,9,1.60,-206,0.00,,0.00,,0.00,,0.00,,0.00,,0.00,,0.00,,0.00,,,,,,,,,,
Alan,MANGAN,Labour Party,Longford-Westmeath,Male,No,"56,383","11,277",,,"1,904",3.40,45,7.90,8,2.80,7,2.20,26,6.40,46,6.30,43,3.80,40,2.80,"-2,119",0.00,,0.00,,,,,,,,,,
Gabrielle,McFADDEN,Fine Gael,Longford-Westmeath,Female,No,"56,383","11,277",,,"1,411",2.50,5,0.90,6,2.10,3,0.90,7,1.70,7,1.00,11,1.00,"-1,450",0.00,,0.00,,0.00,,,,,,,,,,
Kevin Boxer,MORAN,Independent,Longford-Westmeath,Male,Yes,"56,383","11,277",,"10,003","6,730",11.90,97,17.00,39,13.50,30,9.30,82,20.10,119,16.40,266,23.50,383,26.40,"1,483",29.50,774,11.10,,,,,,,,,,
Dom,PARKER,Solidarity-People Before Profit,Longford-Westmeath,Male,No,"56,383","11,277",,,221,0.40,93,16.30,8,2.80,-322,0.00,,0.00,,0.00,,0.00,,0.00,,0.00,,0.00,,,,,,,,,,
James,REYNOLDS,National Party,Longford-Westmeath,Male,No,"56,383","11,277",,,983,1.70,18,3.20,19,6.60,10,3.10,51,12.50,49,6.80,"-1,130",0.00,,0.00,,0.00,,0.00,,,,,,,,,,
Barbara,SMYTH,Solidarity-People Before Profit,Longford-Westmeath,Female,No,"56,383","11,277",,,411,0.70,67,11.70,5,1.70,192,59.60,50,12.30,-725,0.00,,0.00,,0.00,,0.00,,0.00,,,,,,,,,,
Robert,TROY,Fianna Fáil,Longford-Westmeath,Male,Yes,"56,383","11,277",10,"10,793","9,331",16.50,53,9.30,15,5.20,11,3.40,35,8.60,31,4.30,102,9.00,83,5.70,959,19.10,173,2.50,,,,,,,,,,
Topanga,BIRD,Independent,Louth,Female,No,"70,667","11,778",,,243,0.30,231,4.30,26,3.60,38,13.90,-538,0.00,,0.00,,0.00,,0.00,,0.00,,0.00,,,,,,,,,,
David,BRADLEY,Independent,Louth,Male,No,"70,667","11,778",,,256,0.40,154,2.80,7,1.00,48,17.60,-465,0.00,,0.00,,0.00,,0.00,,0.00,,0.00,,,,,,,,,,
Declan,BREATHNACH,Fianna Fáil,Louth,Male,Yes,"70,667","11,778",,"9,625","5,781",8.20,138,2.50,39,5.50,17,6.20,48,4.80,101,4.40,54,1.80,"2,225",51.10,368,7.80,854,10.10,,,,,,,,,,
Albert,BYRNE,Independent,Louth,Male,No,"70,667","11,778",,,145,0.20,117,2.20,11,1.50,-273,0.00,,0.00,,0.00,,0.00,,0.00,,0.00,,0.00,,,,,,,,,,
James,BYRNE,Fianna Fáil,Louth,Male,No,"70,667","11,778",,,"3,911",5.50,268,4.90,8,1.10,11,4.00,34,3.40,93,4.00,30,1.00,"-4,355",0.00,,0.00,,0.00,,,,,,,,,,
Mark,DEAREY,Green Party,Louth,Male,No,"70,667","11,778",,,"5,418",7.70,695,12.80,150,21.00,27,9.90,146,14.60,244,10.60,995,32.90,242,5.60,580,12.20,"-8,497",0.00,,,,,,,,,,
Audrey,FERGUS,Solidarity-People Before Profit,Louth,Female,No,"70,667","11,778",,,"1,120",1.60,"1,197",22.10,161,22.60,23,8.40,174,17.30,353,15.30,"-3,028",0.00,,0.00,,0.00,,0.00,,,,,,,,,,
Peter,FITZPATRICK,Independent,Louth,Male,Yes,"70,667","11,778",10,"10,779","6,085",8.60,430,7.90,188,26.40,31,11.40,222,22.10,615,26.70,630,20.80,178,4.10,609,12.90,"1,791",21.10,,,,,,,,,,
John,McGAHON,Fine Gael,Louth,Male,No,"70,667","11,778",,,"4,442",6.30,74,1.40,28,3.90,5,1.80,11,1.10,46,2.00,36,1.20,96,2.20,"-4,738",0.00,,0.00,,,,,,,,,,
Imelda,MUNSTER,Sinn Féin,Louth,Female,Yes,"70,667","11,778",1,"17,203","17,203",24.30,,0.00,,0.00,,0.00,,0.00,,0.00,,0.00,,0.00,,0.00,,0.00,,,,,,,,,,
Ged,NASH,Labour Party,Louth,Male,No,"70,667","11,778",10,"11,659","5,824",8.20,"1,065",19.60,29,4.10,8,2.90,47,4.70,217,9.40,355,11.70,844,19.40,249,5.30,"3,021",35.60,,,,,,,,,,
Fergus,O'DOWD,Fine Gael,Louth,Male,Yes,"70,667","11,778",10,"11,282","6,380",9.00,357,6.60,9,1.30,6,2.20,23,2.30,161,7.00,44,1.50,505,11.60,"2,674",56.40,"1,123",13.20,,,,,,,,,,
Cathal,Ó MURCHÚ,Irish Freedom Party,Louth,Male,No,"70,667","11,778",,,574,0.80,426,7.90,41,5.80,12,4.40,85,8.50,"-1,138",0.00,,0.00,,0.00,,0.00,,0.00,,,,,,,,,,
Ruairí,Ó MURCHÚ,Sinn Féin,Louth,Male,No,"70,667","11,778",1,"12,491","12,491",17.70,,0.00,,0.00,,0.00,,0.00,,0.00,,0.00,,0.00,,0.00,,0.00,,,,,,,,,,
Eamon,SWEENEY,Renua,Louth,Male,No,"70,667","11,778",,,794,1.10,273,5.00,16,2.20,9,3.30,71,7.10,"-1,163",0.00,,0.00,,0.00,,0.00,,0.00,,,,,,,,,,
Dara,CALLEARY,Fianna Fáil,Mayo,Male,Yes,"64,353","12,871",7,"13,636","9,163",14.20,214,11.10,294,16.70,203,7.80,555,16.40,701,11.60,"2,506",33.70,,,,,,,,,,,,,,,,
Lisa,CHAMBERS,Fianna Fáil,Mayo,Female,Yes,"64,353","12,871",,"8,911","6,373",9.90,274,14.20,208,11.80,207,7.90,313,9.30,988,16.40,548,7.40,,,,,,,,,,,,,,,,
Rose,CONWAY-WALSH,Sinn Féin,Mayo,Female,No,"64,353","12,871",1,"14,633","14,633",22.70,,0.00,,0.00,,0.00,,0.00,,0.00,,0.00,,,,,,,,,,,,,,,,
Joe,DALY,Solidarity-People Before Profit,Mayo,Male,No,"64,353","12,871",,,721,1.10,30,1.60,321,18.20,"-1,072",0.00,,0.00,,0.00,,0.00,,,,,,,,,,,,,,,,
Gráinne,De BARRA,Independent,Mayo,Female,No,"64,353","12,871",,,84,0.10,5,0.30,30,1.70,-119,0.00,,0.00,,0.00,,0.00,,,,,,,,,,,,,,,,
Alan,DILLON,Fine Gael,Mayo,Male,No,"64,353","12,871",7,"10,977","5,198",8.10,625,32.50,121,6.90,171,6.50,438,13.00,"1,095",18.10,"3,329",44.80,,,,,,,,,,,,,,,,
Sean,FORKIN,Independent,Mayo,Male,No,"64,353","12,871",,,59,0.10,4,0.20,19,1.10,-82,0.00,,0.00,,0.00,,0.00,,,,,,,,,,,,,,,,
Paul,LAWLESS,Aontú,Mayo,Male,No,"64,353","12,871",,,"2,574",4.00,88,4.60,192,10.90,521,19.90,"-3,375",0.00,,0.00,,0.00,,,,,,,,,,,,,,,,
Gerry,LOFTUS,Independent,Mayo,Male,No,"64,353","12,871",,,574,0.90,21,1.10,75,4.30,-670,0.00,,0.00,,0.00,,0.00,,,,,,,,,,,,,,,,
Stephen,MANNING,Independent,Mayo,Male,No,"64,353","12,871",,,65,0.10,3,0.20,14,0.80,-82,0.00,,0.00,,0.00,,0.00,,,,,,,,,,,,,,,,
Saoirse,McHUGH,Green Party,Mayo,Female,No,"64,353","12,871",,,"4,177",6.50,144,7.50,309,17.50,755,28.90,651,19.30,"-6,036",0.00,,0.00,,,,,,,,,,,,,,,,
Michelle,MULHERIN,Fine Gael,Mayo,Female,No,"64,353","12,871",,,"5,435",8.40,494,25.70,116,6.60,240,9.20,311,9.20,831,13.80,"-7,427",0.00,,,,,,,,,,,,,,,,
Daithí,Ó FALLAMHÁIN,Irish Freedom Party,Mayo,Male,No,"64,353","12,871",,,246,0.40,6,0.30,27,1.50,-279,0.00,,0.00,,0.00,,0.00,,,,,,,,,,,,,,,,
Michael,RING,Fine Gael,Mayo,Male,Yes,"64,353","12,871",1,"14,796","14,796",23.00,,0.00,,0.00,,0.00,,0.00,,0.00,,0.00,,,,,,,,,,,,,,,,
Kamal,UDDIN,Labour Party,Mayo,Male,No,"64,353","12,871",,,255,0.40,17,0.90,36,2.00,-308,0.00,,0.00,,0.00,,0.00,,,,,,,,,,,,,,,,
Joe,BONNER,Independent,Meath East,Male,No,"41,945","10,487",,,"2,934",7.00,119,7.50,187,11.00,98,4.80,699,23.10,"-4,037",0.00,,0.00,,,,,,,,,,,,,,,,
Thomas,BYRNE,Fianna Fáil,Meath East,Male,Yes,"41,945","10,487",7,"9,622","6,039",14.40,56,3.60,253,14.80,"1,289",63.00,585,19.30,777,19.20,623,12.20,,,,,,,,,,,,,,,,
Regina,DOHERTY,Fine Gael,Meath East,Female,Yes,"41,945","10,487",,,"4,180",10.00,92,5.80,58,3.40,175,8.50,138,4.60,479,11.90,"-5,122",0.00,,,,,,,,,,,,,,,,
Deirdre,GERAGHTY-SMITH,Fianna Fáil,Meath East,Female,No,"41,945","10,487",,,"1,941",4.60,36,2.30,70,4.10,"-2,047",0.00,,0.00,,0.00,,0.00,,,,,,,,,,,,,,,,
Annie,HOEY,Labour Party,Meath East,Female,No,"41,945","10,487",,,874,2.10,-874,0.00,,0.00,,0.00,,0.00,,0.00,,0.00,,,,,,,,,,,,,,,,
Andrew,KEEGAN,Solidarity-People Before Profit,Meath East,Male,No,"41,945","10,487",,,569,1.40,-569,0.00,,0.00,,0.00,,0.00,,0.00,,0.00,,,,,,,,,,,,,,,,
Sharon,KEOGAN,Independent,Meath East,Female,No,"41,945","10,487",,,"2,475",5.90,95,6.00,369,21.60,85,4.20,"-3,024",0.00,,0.00,,0.00,,,,,,,,,,,,,,,,
Seán,McCABE,Green Party,Meath East,Male,No,"41,945","10,487",,"6,547","3,251",7.80,505,32.00,280,16.40,131,6.40,510,16.90,"1,322",32.70,548,10.70,,,,,,,,,,,,,,,,
Seamus,McDONAGH,Workers' Party,Meath East,Male,No,"41,945","10,487",,,134,0.30,-134,0.00,,0.00,,0.00,,0.00,,0.00,,0.00,,,,,,,,,,,,,,,,
Helen,McENTEE,Fine Gael,Meath East,Female,Yes,"41,945","10,487",7,"12,984","7,691",18.30,165,10.50,267,15.70,210,10.30,604,20.00,479,11.90,"3,568",69.70,,,,,,,,,,,,,,,,
Darren,O'ROURKE,Sinn Féin,Meath East,Male,No,"41,945","10,487",2,"10,617","10,223",24.40,394,25.00,,0.00,,0.00,,0.00,,0.00,,0.00,,,,,,,,,,,,,,,,
Emer,TÓIBÍN,Aontú,Meath East,Female,No,"41,945","10,487",,,"1,634",3.90,71,4.50,"-1,705",0.00,,0.00,,0.00,,0.00,,0.00,,,,,,,,,,,,,,,,
Shane,CASSELLS,Fianna Fáil,Meath West,Male,Yes,"41,504","10,377",,"8,224","6,742",16.20,184,8.10,191,8.70,194,8.20,333,9.40,580,12.70,,,,,,,,,,,,,,,,,,
Damien,ENGLISH,Fine Gael,Meath West,Male,Yes,"41,504","10,377",6,"9,558","5,499",13.20,105,4.60,909,41.60,289,12.10,"1,897",53.70,859,18.80,,,,,,,,,,,,,,,,,,
Noel,FRENCH,Fine Gael,Meath West,Male,No,"41,504","10,377",,,"2,952",7.10,54,2.40,355,16.20,173,7.30,"-3,534",0.00,,0.00,,,,,,,,,,,,,,,,,,
Johnny,GUIRKE,Sinn Féin,Meath West,Male,No,"41,504","10,377",1,"12,652","12,652",30.50,,0.00,,0.00,,0.00,,0.00,,0.00,,,,,,,,,,,,,,,,,,
John,MALONE,Renua,Meath West,Male,No,"41,504","10,377",,,209,0.50,81,3.60,-290,0.00,,0.00,,0.00,,0.00,,,,,,,,,,,,,,,,,,
Séamus,McMENAMIN,Green Party,Meath West,Male,No,"41,504","10,377",,,"1,935",4.70,289,12.70,156,7.10,"-2,380",0.00,,0.00,,0.00,,,,,,,,,,,,,,,,,,
Ronan,MOORE,Social Democrats,Meath West,Male,No,"41,504","10,377",,,"2,376",5.70,555,24.40,114,5.20,"1,096",46.10,428,12.10,"-4,569",0.00,,,,,,,,,,,,,,,,,,
Sarah,REILLY,Fine Gael,Meath West,Female,No,"41,504","10,377",,,"1,817",4.40,80,3.50,"-1,897",0.00,,0.00,,0.00,,0.00,,,,,,,,,,,,,,,,,,
Peadar,TÓIBÍN,Aontú,Meath West,Male,Yes,"41,504","10,377",6,"11,410","7,322",17.60,927,40.70,367,16.80,459,19.30,639,18.10,"1,696",37.10,,,,,,,,,,,,,,,,,,
Aisling,DOLAN,Fine Gael,Roscommon-Galway,Female,No,"45,612","11,404",,,"5,466",12.00,169,10.10,75,5.30,452,9.40,"-6,162",0.00,,0.00,,,,,,,,,,,,,,,,,,
Thomas D.,FALLON,Independent,Roscommon-Galway,Male,No,"45,612","11,404",,,88,0.20,21,1.30,-109,0.00,,0.00,,0.00,,0.00,,,,,,,,,,,,,,,,,,
Michael,FITZMAURICE,Independent,Roscommon-Galway,Male,Yes,"45,612","11,404",1,"13,077","13,077",28.70,,0.00,,0.00,,0.00,,0.00,,0.00,,,,,,,,,,,,,,,,,,
Paul,HANLEY,National Party,Roscommon-Galway,Male,No,"45,612","11,404",,,319,0.70,12,0.70,-331,0.00,,0.00,,0.00,,0.00,,,,,,,,,,,,,,,,,,
James,HOPE,Aontú,Roscommon-Galway,Male,No,"45,612","11,404",,,504,1.10,38,2.30,-542,0.00,,0.00,,0.00,,0.00,,,,,,,,,,,,,,,,,,
Claire,KERRANE,Sinn Féin,Roscommon-Galway,Female,No,"45,612","11,404",6,"10,545","8,003",17.50,319,19.10,368,25.80,712,14.80,680,11.00,463,14.10,,,,,,,,,,,,,,,,,,
Orla,LEYDEN,Fianna Fáil,Roscommon-Galway,Female,No,"45,612","11,404",,,"2,953",6.50,171,10.20,73,5.10,"-3,197",0.00,,0.00,,0.00,,,,,,,,,,,,,,,,,,
Eugene,MURPHY,Fianna Fáil,Roscommon-Galway,Male,Yes,"45,612","11,404",,"9,204","4,945",10.80,256,15.30,180,12.60,"1,861",38.70,816,13.20,"1,146",34.90,,,,,,,,,,,,,,,,,,
Denis,NAUGHTEN,Independent,Roscommon-Galway,Male,Yes,"45,612","11,404",5,"14,683","8,422",18.50,635,38.00,362,25.40,"1,447",30.10,"3,817",61.90,,0.00,,,,,,,,,,,,,,,,,,
Julie,O'DONOGHUE,Green Party,Roscommon-Galway,Female,No,"45,612","11,404",,,"1,413",3.10,32,1.90,165,11.60,"-1,610",0.00,,0.00,,0.00,,,,,,,,,,,,,,,,,,
Kenny,TYNAN,Solidarity-People Before Profit,Roscommon-Galway,Male,No,"45,612","11,404",,,422,0.90,20,1.20,-442,0.00,,0.00,,0.00,,0.00,,,,,,,,,,,,,,,,,,
Declan,BREE,Independents 4 Change,Sligo-Leitrim,Male,No,"60,680","12,137",,,"2,236",3.70,378,13.00,5,3.50,21,5.00,37,6.70,24,2.80,185,14.20,65,4.40,153,8.70,112,5.60,370,14.40,75,2.20,"1,631",46.40,"-5,292",0.00,,0.00
James,CONWAY,Independent,Sligo-Leitrim,Male,No,"60,680","12,137",,,"1,354",2.20,172,5.90,9,6.40,13,3.10,59,10.70,28,3.30,20,1.50,112,7.70,"-1,767",0.00,,0.00,,0.00,,0.00,,0.00,,0.00,,0.00
Nessa,COSGROVE,Labour Party,Sligo-Leitrim,Female,No,"60,680","12,137",,,"1,178",1.90,84,2.90,2,1.40,8,1.90,10,1.80,23,2.70,"-1,305",0.00,,0.00,,0.00,,0.00,,0.00,,0.00,,0.00,,0.00,,0.00
Shane,ELLIS,Fianna Fáil,Sligo-Leitrim,Male,No,"60,680","12,137",,,"2,753",4.50,173,6.00,3,2.10,12,2.80,27,4.90,17,2.00,21,1.60,5,0.30,54,3.10,263,13.20,70,2.70,"-3,398",0.00,,0.00,,0.00,,0.00
Frankie,FEIGHAN,Fine Gael,Sligo-Leitrim,Male,No,"60,680","12,137",15,"10,690","5,338",8.80,119,4.10,7,5.00,7,1.70,34,6.10,31,3.60,101,7.70,127,8.70,59,3.30,242,12.20,259,10.10,527,15.50,101,2.90,279,5.30,"3,459",57.90
Bláithín,GALLAGHER,Green Party,Sligo-Leitrim,Female,No,"60,680","12,137",,,"1,791",3.00,166,5.70,10,7.10,28,6.60,24,4.30,33,3.80,351,26.90,20,1.40,52,2.90,100,5.00,"-2,575",0.00,,0.00,,0.00,,0.00,,0.00
Marian,HARKIN,Independent,Sligo-Leitrim,Female,No,"60,680","12,137",14,"12,995","6,972",11.50,490,16.90,19,13.50,43,10.10,46,8.30,121,14.10,250,19.20,194,13.30,367,20.80,460,23.20,717,27.80,444,13.10,711,20.20,"2,161",40.80,,0.00
Martin,KENNY,Sinn Féin,Sligo-Leitrim,Male,Yes,"60,680","12,137",1,"15,035","15,035",24.80,,0.00,,0.00,,0.00,,0.00,,0.00,,0.00,,0.00,,0.00,,0.00,,0.00,,0.00,,0.00,,0.00,,0.00
Marc,MacSHARRY,Fianna Fáil,Sligo-Leitrim,Male,Yes,"60,680","12,137",15,"10,734","7,004",11.50,178,6.10,9,6.40,47,11.10,27,4.90,138,16.10,80,6.10,119,8.10,131,7.40,184,9.30,138,5.40,"1,091",32.10,154,4.40,591,11.20,843,14.10
Anne,McCLOSKEY,Aontú,Sligo-Leitrim,Female,No,"60,680","12,137",,,368,0.60,40,1.40,16,11.30,-424,0.00,,0.00,,0.00,,0.00,,0.00,,0.00,,0.00,,0.00,,0.00,,0.00,,0.00,,0.00
Paul,McWEENEY,National Party,Sligo-Leitrim,Male,No,"60,680","12,137",,,451,0.70,48,1.70,13,9.20,41,9.70,-553,0.00,,0.00,,0.00,,0.00,,0.00,,0.00,,0.00,,0.00,,0.00,,0.00,,0.00
Gino,O'BOYLE,Solidarity-People Before Profit,Sligo-Leitrim,Male,No,"60,680","12,137",,,"1,746",2.90,637,22.00,5,3.50,24,5.70,44,8.00,31,3.60,139,10.70,42,2.90,208,11.80,100,5.00,502,19.50,37,1.10,"-3,515",0.00,,0.00,,0.00
Mary,O'DONNELL,Independent,Sligo-Leitrim,Female,No,"60,680","12,137",,,46,0.10,9,0.30,-55,0.00,,0.00,,0.00,,0.00,,0.00,,0.00,,0.00,,0.00,,0.00,,0.00,,0.00,,0.00,,0.00
Oisin,O'DWYER,Renua,Sligo-Leitrim,Male,No,"60,680","12,137",,,75,0.10,11,0.40,-86,0.00,,0.00,,0.00,,0.00,,0.00,,0.00,,0.00,,0.00,,0.00,,0.00,,0.00,,0.00,,0.00
Bernie,O'HARA,Independent,Sligo-Leitrim,Female,No,"60,680","12,137",,,650,1.10,49,1.70,13,9.20,87,20.50,60,10.80,-859,0.00,,0.00,,0.00,,0.00,,0.00,,0.00,,0.00,,0.00,,0.00,,0.00
John,PERRY,Independent,Sligo-Leitrim,Male,No,"60,680","12,137",,,"1,367",2.30,39,1.30,,0.00,7,1.70,15,2.70,25,2.90,11,0.80,"-1,464",0.00,,0.00,,0.00,,0.00,,0.00,,0.00,,0.00,,0.00
Eamon,SCANLON,Fianna Fáil,Sligo-Leitrim,Male,Yes,"60,680","12,137",,"9,316","6,246",10.30,109,3.80,2,1.40,13,3.10,17,3.10,47,5.50,27,2.10,398,27.20,327,18.50,99,5.00,86,3.30,722,21.20,100,2.80,216,4.10,907,15.20
Thomas,WALSH,Fine Gael,Sligo-Leitrim,Male,No,"60,680","12,137",,,"4,760",7.80,49,1.70,2,1.40,7,1.70,8,1.40,30,3.50,60,4.60,302,20.60,124,7.00,70,3.50,175,6.80,62,1.80,84,2.40,242,4.60,"-5,975",0.00
Sean,WYNNE,Independent,Sligo-Leitrim,Male,No,"60,680","12,137",,,"1,310",2.20,147,5.10,15,10.60,45,10.60,81,14.60,222,25.80,16,1.20,28,1.90,121,6.80,"-1,985",0.00,,0.00,,0.00,,0.00,,0.00,,0.00
Garret,AHEARN,Fine Gael,Tipperary,Male,No,"81,788","13,632",,"11,499","6,206",7.60,67,5.70,54,1.80,226,6.80,284,6.00,197,3.60,"3,592",57.90,460,6.50,413,27.60,,,,,,,,,,,,
Martin,BROWNE,Sinn Féin,Tipperary,Male,No,"81,788","13,632",8,"14,046","10,004",12.20,122,10.40,178,6.00,530,16.00,373,7.90,598,11.00,159,2.60,"2,082",29.50,,0.00,,,,,,,,,,,,
Dolores,CAHILL,Irish Freedom Party,Tipperary,Female,No,"81,788","13,632",,,521,0.60,6,0.50,-527,0.00,,0.00,,0.00,,0.00,,0.00,,0.00,,0.00,,,,,,,,,,,,
Jackie,CAHILL,Fianna Fáil,Tipperary,Male,Yes,"81,788","13,632",9,"12,939","7,940",9.70,231,19.70,777,26.00,166,5.00,"1,695",35.70,875,16.00,434,7.00,417,5.90,404,27.00,,,,,,,,,,,,
Sandra,FARRELL,Fianna Fáil,Tipperary,Female,No,"81,788","13,632",,,"2,233",2.70,42,3.60,"-2,275",0.00,,0.00,,0.00,,0.00,,0.00,,0.00,,0.00,,,,,,,,,,,,
Imelda,GOLDSBORO,Fianna Fáil,Tipperary,Female,No,"81,788","13,632",,,"4,082",5.00,57,4.90,492,16.50,118,3.60,"-4,749",0.00,,0.00,,0.00,,0.00,,0.00,,,,,,,,,,,,
Joe,HANNIGAN,Independent,Tipperary,Male,No,"81,788","13,632",,,"4,715",5.80,111,9.50,307,10.30,180,5.40,148,3.10,"-5,461",0.00,,0.00,,0.00,,0.00,,,,,,,,,,,,
Seamus,HEALY,Independent,Tipperary,Male,Yes,"81,788","13,632",,,"5,829",7.10,37,3.20,84,2.80,356,10.70,350,7.40,280,5.10,122,2.00,"-7,058",0.00,,0.00,,,,,,,,,,,,
Alan,KELLY,Labour Party,Tipperary,Male,Yes,"81,788","13,632",9,"13,222","7,857",9.60,122,10.40,466,15.60,837,25.20,336,7.10,"1,772",32.40,745,12.00,638,9.00,449,30.00,,,,,,,,,,,,
Michael,LOWRY,Independent,Tipperary,Male,Yes,"81,788","13,632",1,"14,802","14,802",18.10,,0.00,,0.00,,0.00,,0.00,,0.00,,0.00,,0.00,,0.00,,,,,,,,,,,,
Mattie,McGRATH,Independent,Tipperary,Male,Yes,"81,788","13,632",8,"15,127","9,321",11.40,212,18.10,282,9.40,337,10.20,995,21.00,580,10.60,751,12.10,"2,649",37.50,,0.00,,,,,,,,,,,,
Mary,NEWMAN JULIAN,Fine Gael,Tipperary,Female,No,"81,788","13,632",,,"4,926",6.00,128,10.90,95,3.20,369,11.10,212,4.50,476,8.70,"-6,206",0.00,,0.00,,0.00,,,,,,,,,,,,
Rob,O'DONNELL,Green Party,Tipperary,Male,No,"81,788","13,632",,,"3,170",3.90,31,2.60,114,3.80,"-3,315",0.00,,0.00,,0.00,,0.00,,0.00,,0.00,,,,,,,,,,,,
Marese,SKEHAN,Independent,Tipperary,Female,No,"81,788","13,632",,,182,0.20,4,0.30,-186,0.00,,0.00,,0.00,,0.00,,0.00,,0.00,,0.00,,,,,,,,,,,,
Mary,BUTLER,Fianna Fáil,Waterford,Female,Yes,"53,758","10,752",7,"11,233","6,644",12.40,662,6.70,414,18.20,"1,219",38.30,928,20.20,161,3.00,"1,205",21.70,,,,,,,,,,,,,,,,
Ronan,CLEARY,Aontú,Waterford,Male,No,"53,758","10,752",,,"1,049",2.00,377,3.80,"-1,426",0.00,,0.00,,0.00,,0.00,,0.00,,,,,,,,,,,,,,,,
David,CULLINANE,Sinn Féin,Waterford,Male,Yes,"53,758","10,752",1,"20,569","20,569",38.30,,0.00,,0.00,,0.00,,0.00,,0.00,,0.00,,,,,,,,,,,,,,,,
John,CUMMINS,Fine Gael,Waterford,Male,No,"53,758","10,752",,"8,477","4,592",8.50,444,4.50,83,3.70,365,11.50,300,6.50,96,1.80,"2,597",46.80,,,,,,,,,,,,,,,,
Úna,DUNPHY,Solidarity-People Before Profit,Waterford,Female,No,"53,758","10,752",,,"1,153",2.10,"3,208",32.70,468,20.60,115,3.60,500,10.90,"-5,444",0.00,,0.00,,,,,,,,,,,,,,,,
Damien,GEOGHEGAN,Fine Gael,Waterford,Male,No,"53,758","10,752",,,"4,289",8.00,249,2.50,34,1.50,103,3.20,798,17.30,76,1.40,"-5,549",0.00,,,,,,,,,,,,,,,,
Eddie,MULLIGAN,Fianna Fáil,Waterford,Male,No,"53,758","10,752",,,"2,654",4.90,439,4.50,87,3.80,"-3,180",0.00,,0.00,,0.00,,0.00,,,,,,,,,,,,,,,,
Marc,Ó CATHASAIGH,Green Party,Waterford,Male,No,"53,758","10,752",7,"9,738","3,996",7.40,"1,384",14.10,251,11.10,345,10.80,897,19.50,"2,245",41.20,620,11.20,,,,,,,,,,,,,,,,
Bernadette,PHILLIPS,Independent,Waterford,Female,No,"53,758","10,752",,,324,0.60,521,5.30,-845,0.00,,0.00,,0.00,,0.00,,0.00,,,,,,,,,,,,,,,,
John,PRATT,Labour Party,Waterford,Male,No,"53,758","10,752",,,"3,498",6.50,808,8.20,147,6.50,149,4.70,"-4,602",0.00,,0.00,,0.00,,,,,,,,,,,,,,,,
Matt,SHANAHAN,Independent,Waterford,Male,No,"53,758","10,752",7,"10,708","4,990",9.30,"1,725",17.60,531,23.40,639,20.10,691,15.00,"1,551",28.50,581,10.50,,,,,,,,,,,,,,,,
James,BROWNE,Fianna Fáil,Wexford,Male,Yes,"75,073","12,513",11,"11,660","8,058",10.70,404,6.50,396,26.20,55,3.50,162,8.00,76,2.80,95,2.20,"1,186",24.00,653,10.90,103,24.70,472,6.40,,,,,,,,
Malcolm,BYRNE,Fianna Fáil,Wexford,Male,Yes,"75,073","12,513",,"9,537","6,145",8.20,193,3.10,203,13.40,23,1.40,76,3.80,110,4.10,93,2.10,692,14.00,374,6.20,85,20.40,"1,543",20.90,,,,,,,,
Ger,CARTHY,Independent,Wexford,Male,No,"75,073","12,513",,,"3,024",4.00,579,9.30,143,9.40,177,11.10,514,25.50,199,7.40,"1,102",25.30,266,5.40,"-6,004",0.00,,0.00,,0.00,,,,,,,,
Jim,CODD,Aontú,Wexford,Male,No,"75,073","12,513",,,"1,518",2.00,347,5.60,40,2.60,110,6.90,"-2,015",0.00,,0.00,,0.00,,0.00,,0.00,,0.00,,0.00,,,,,,,,
Michael,D'ARCY,Fine Gael,Wexford,Male,Yes,"75,073","12,513",,,"6,472",8.60,105,1.70,33,2.20,46,2.90,36,1.80,165,6.10,65,1.50,98,2.00,337,5.60,38,9.10,"-7,395",0.00,,,,,,,,
Brendan,HOWLIN,Labour Party,Wexford,Male,Yes,"75,073","12,513",8,"12,930","9,223",12.30,688,11.10,209,13.80,151,9.50,180,8.90,869,32.40,987,22.60,623,12.60,,0.00,,0.00,,0.00,,,,,,,,
Paul,KEHOE,Fine Gael,Wexford,Male,Yes,"75,073","12,513",11,"11,537","6,337",8.40,118,1.90,28,1.80,39,2.50,52,2.60,103,3.80,35,0.80,348,7.10,356,5.90,72,17.30,"4,049",54.80,,,,,,,,
Lisa,McDONALD,Fianna Fáil,Wexford,Female,No,"75,073","12,513",,,"1,351",1.80,60,1.00,"-1,411",0.00,,0.00,,0.00,,0.00,,0.00,,0.00,,0.00,,0.00,,0.00,,,,,,,,
Bart James,MURPHY,Independent,Wexford,Male,No,"75,073","12,513",,,68,0.10,35,0.60,-103,0.00,,0.00,,0.00,,0.00,,0.00,,0.00,,0.00,,0.00,,0.00,,,,,,,,
Verona,MURPHY,Independent,Wexford,Female,No,"75,073","12,513",11,"11,849","5,825",7.80,673,10.80,166,11.00,177,11.10,277,13.70,132,4.90,570,13.10,"1,194",24.20,"1,981",33.00,119,28.50,735,9.90,,,,,,,,
Johnny,MYTHEN,Sinn Féin,Wexford,Male,No,"75,073","12,513",1,"18,717","18,717",24.90,,0.00,,0.00,,0.00,,0.00,,0.00,,0.00,,0.00,,0.00,,0.00,,0.00,,,,,,,,
Seanie,O'SHEA,Independents 4 Change,Wexford,Male,No,"75,073","12,513",,,825,1.10,728,11.70,37,2.40,"-1,590",0.00,,0.00,,0.00,,0.00,,0.00,,0.00,,0.00,,0.00,,,,,,,,
Paula,ROSEINGRAVE,Green Party,Wexford,Female,No,"75,073","12,513",,,"2,028",2.70,346,5.60,25,1.70,185,11.60,99,4.90,"-2,683",0.00,,0.00,,0.00,,0.00,,0.00,,0.00,,,,,,,,
Michael,SHEEHAN,Fianna Fáil,Wexford,Male,No,"75,073","12,513",,,"4,366",5.80,142,2.30,166,11.00,40,2.50,103,5.10,64,2.40,51,1.20,"-4,932",0.00,,0.00,,0.00,,0.00,,,,,,,,
Deirdre,WADDING,Solidarity-People Before Profit,Wexford,Female,No,"75,073","12,513",,,"1,116",1.50,"1,786",28.80,30,2.00,444,27.90,223,11.10,760,28.30,"-4,359",0.00,,0.00,,0.00,,0.00,,0.00,,,,,,,,
Joe,BEHAN,Independent,Wicklow,Male,No,"71,320","11,887",,,"2,988",4.20,677,12.50,8,6.70,10,4.60,32,10.30,90,8.30,320,23.70,97,4.90,338,13.80,340,12.50,790,17.00,251,4.70,246,4.20,"-6,187",0.00,,0.00
John,BRADY,Sinn Féin,Wicklow,Male,Yes,"71,320","11,887",1,"17,297","17,297",24.30,,0.00,,0.00,,0.00,,0.00,,0.00,,0.00,,0.00,,0.00,,0.00,,0.00,,0.00,,0.00,,0.00,,0.00
Sharon,BRIGGS,Solidarity-People Before Profit,Wicklow,Female,No,"71,320","11,887",,,"1,037",1.50,"1,207",22.30,11,9.20,7,3.20,16,5.20,57,5.20,68,5.00,45,2.30,"-2,448",0.00,,0.00,,0.00,,0.00,,0.00,,0.00,,0.00
Pat,CASEY,Fianna Fáil,Wicklow,Male,Yes,"71,320","11,887",,,"4,473",6.30,196,3.60,5,4.20,6,2.70,9,2.90,87,8.00,72,5.30,62,3.10,26,1.10,153,5.60,234,5.00,"-5,323",0.00,,0.00,,0.00,,0.00
Seamus,CONNOR,Aontú,Wicklow,Male,No,"71,320","11,887",,,"1,051",1.50,157,2.90,3,2.50,6,2.70,22,7.10,112,10.30,"-1,351",0.00,,0.00,,0.00,,0.00,,0.00,,0.00,,0.00,,0.00,,0.00
Valerie,COX,Independent,Wicklow,Female,No,"71,320","11,887",,,"1,805",2.50,302,5.60,8,6.70,13,5.90,16,5.20,91,8.40,135,10.00,110,5.60,244,10.00,"-2,724",0.00,,0.00,,0.00,,0.00,,0.00,,0.00
Stephen,DONNELLY,Fianna Fáil,Wicklow,Male,Yes,"71,320","11,887",15,"11,018","5,467",7.70,163,3.00,7,5.90,13,5.90,16,5.20,41,3.80,74,5.50,98,5.00,36,1.50,198,7.30,188,4.00,"3,062",57.50,661,11.40,858,13.90,136,9.00
Andrew,DOYLE,Fine Gael,Wicklow,Male,Yes,"71,320","11,887",,"8,860","4,940",6.90,104,1.90,9,7.60,7,3.20,15,4.80,72,6.60,38,2.80,149,7.50,24,1.00,215,7.90,370,8.00,560,10.50,"1,844",31.70,441,7.10,72,4.70
Tom,DUNNE,Independent,Wicklow,Male,No,"71,320","11,887",,,478,0.70,124,2.30,3,2.50,7,3.20,17,5.50,-629,0.00,,0.00,,0.00,,0.00,,0.00,,0.00,,0.00,,0.00,,0.00,,0.00
Anthony,FITZGERALD,Independent,Wicklow,Male,No,"71,320","11,887",,,79,0.10,14,0.30,-93,0.00,,0.00,,0.00,,0.00,,0.00,,0.00,,0.00,,0.00,,0.00,,0.00,,0.00,,0.00,,0.00
Eileen,GUNNING,National Party,Wicklow,Female,No,"71,320","11,887",,,399,0.60,40,0.70,1,0.80,,0.00,17,5.50,-457,0.00,,0.00,,0.00,,0.00,,0.00,,0.00,,0.00,,0.00,,0.00,,0.00
Simon,HARRIS,Fine Gael,Wicklow,Male,Yes,"71,320","11,887",15,"11,838","8,765",12.30,120,2.20,5,4.20,23,10.50,16,5.20,19,1.70,20,1.50,161,8.20,42,1.70,198,7.30,176,3.80,229,4.30,"1,487",25.60,491,7.90,86,5.70
Charlie,KEDDY,Independent,Wicklow,Male,No,"71,320","11,887",,,219,0.30,70,1.30,7,5.90,14,6.40,-310,0.00,,0.00,,0.00,,0.00,,0.00,,0.00,,0.00,,0.00,,0.00,,0.00,,0.00
William,KING,Independent,Wicklow,Male,No,"71,320","11,887",,,20,0.00,6,0.10,-26,0.00,,0.00,,0.00,,0.00,,0.00,,0.00,,0.00,,0.00,,0.00,,0.00,,0.00,,0.00,,0.00
John,LARKIN,Independent,Wicklow,Male,No,"71,320","11,887",,,173,0.20,39,0.70,7,5.90,-219,0.00,,0.00,,0.00,,0.00,,0.00,,0.00,,0.00,,0.00,,0.00,,0.00,,0.00,,0.00
Steven,MATTHEWS,Green Party,Wicklow,Male,No,"71,320","11,887",15,"9,622","5,634",7.90,430,7.90,15,12.60,16,7.30,19,6.10,45,4.10,140,10.40,330,16.70,443,18.10,338,12.40,303,6.50,125,2.30,276,4.70,994,16.10,514,33.90
Paul,O'BRIEN,Labour Party,Wicklow,Male,No,"71,320","11,887",,,"1,727",2.40,185,3.40,3,2.50,12,5.50,9,2.90,20,1.80,19,1.40,"-1,975",0.00,,0.00,,0.00,,0.00,,0.00,,0.00,,0.00,,0.00
John,SNELL,Independent,Wicklow,Male,No,"71,320","11,887",,,"3,050",4.30,547,10.10,4,3.40,41,18.70,21,6.80,119,11.00,108,8.00,297,15.00,165,6.70,302,11.10,"-4,654",0.00,,0.00,,0.00,,0.00,,0.00
Billy,TIMMINS,Fine Gael,Wicklow,Male,No,"71,320","11,887",,,"4,679",6.60,117,2.20,2,1.70,5,2.30,9,2.90,123,11.30,116,8.60,87,4.40,22,0.90,123,4.50,146,3.10,384,7.20,"-5,813",0.00,,0.00,,0.00
Jennifer,WHITMORE,Social Democrats,Wicklow,Female,No,"71,320","11,887",14,"13,405","7,039",9.90,912,16.90,15,12.60,30,13.70,39,12.60,60,5.50,113,8.40,427,21.60,787,32.10,565,20.70,"1,161",24.90,257,4.80,470,8.10,"1,530",24.70,,0.00